respid,WEIGHT,party,age_cat,educ,urbanicity,state,solar_general,solar_local,wind_local,solar_farm_nearby,main_concern
10000,1.456,Republican,30-49,High school or less,Suburban,Louisiana,Somewhat oppose,Somewhat favor,Somewhat oppose,Yes,Changes how the area looks
10001,1.7495,Independent,30-49,High school or less,Rural,Missouri,Strongly favor,Strongly favor,Strongly oppose,Yes,No concerns
10002,0.829,Republican,65+,Some college,Urban,Oklahoma,Strongly favor,Somewhat favor,Strongly oppose,Yes,No concerns
10003,1.3465,Republican,18-29,High school or less,Suburban,Oklahoma,Somewhat favor,Strongly oppose,Strongly oppose,No,Worried about property values
10004,0.6209,Democrat,65+,Some college,Rural,Texas,Strongly favor,Strongly favor,Somewhat oppose,No,Worried about property values
10005,0.8516,Republican,65+,High school or less,Suburban,Missouri,Somewhat favor,Strongly oppose,Somewhat oppose,Yes,Doubts it is reliable
10006,1.194,Democrat,18-29,Some college,Urban,Louisiana,Strongly oppose,Strongly favor,Somewhat favor,No,Uses too much land
10007,1.8402,Republican,18-29,Some college,Urban,Oklahoma,Strongly oppose,Somewhat oppose,Somewhat favor,No,Doubts it is reliable
10008,2.38,Independent,18-29,High school or less,Rural,Texas,Strongly favor,Somewhat oppose,Somewhat favor,Yes,Uses too much land
10009,0.5231,Democrat,30-49,College graduate or more,Suburban,Texas,Somewhat favor,Somewhat favor,Strongly oppose,No,Uses too much land
10010,0.3619,Democrat,65+,College graduate or more,Suburban,Kansas,Somewhat favor,Somewhat oppose,Somewhat favor,No,Uses too much land
10011,1.4221,Independent,18-29,Some college,Urban,Louisiana,Somewhat oppose,Somewhat favor,Somewhat favor,No,No concerns
10012,0.5737,Democrat,50-64,Some college,Suburban,Oklahoma,Somewhat oppose,Somewhat favor,Somewhat favor,No,Worried about property values
10013,0.3684,Independent,65+,College graduate or more,Urban,Texas,Strongly favor,Strongly favor,Strongly favor,Yes,No concerns
10014,0.7919,Republican,50-64,Some college,Urban,Oklahoma,Strongly favor,Somewhat favor,Somewhat oppose,No,Uses too much land
10015,1.2085,Democrat,30-49,Some college,Rural,Kansas,Somewhat favor,Somewhat favor,Strongly favor,Yes,No concerns
10016,0.5986,Democrat,30-49,College graduate or more,Suburban,Texas,Somewhat favor,Somewhat favor,Somewhat favor,No,Changes how the area looks
10017,0.6724,Republican,65+,High school or less,Suburban,Kansas,Strongly favor,Somewhat oppose,Strongly oppose,Yes,Something else
10018,0.3902,Democrat,30-49,College graduate or more,Suburban,Texas,Strongly favor,Strongly favor,Somewhat favor,No,Something else
10019,1.5213,Republican,30-49,Some college,Rural,Arkansas,Somewhat oppose,Somewhat oppose,Strongly oppose,Yes,Worried about property values
10020,0.3403,Democrat,50-64,College graduate or more,Urban,Texas,Strongly favor,Somewhat oppose,Somewhat favor,No,Doubts it is reliable
10021,2.2552,Republican,18-29,Some college,Urban,Texas,Strongly favor,Strongly oppose,Strongly oppose,No,Uses too much land
10022,1.2376,Independent,30-49,High school or less,Suburban,Texas,Strongly favor,Strongly favor,Strongly oppose,No,Changes how the area looks
10023,0.814,Democrat,30-49,College graduate or more,Rural,Texas,Somewhat favor,Somewhat favor,Strongly favor,No,No concerns
10024,1.6322,Independent,18-29,High school or less,Suburban,Texas,Strongly favor,Strongly favor,Somewhat oppose,No,No concerns
10025,0.7145,Democrat,30-49,Some college,Urban,Oklahoma,Strongly favor,Somewhat favor,Somewhat favor,No,No concerns
10026,0.9203,Independent,50-64,High school or less,Suburban,Texas,Somewhat oppose,Strongly favor,Strongly favor,No,No concerns
10027,0.5836,Republican,30-49,College graduate or more,Urban,Texas,Somewhat favor,Somewhat favor,Strongly oppose,No,No concerns
10028,0.9403,Republican,30-49,College graduate or more,Suburban,Texas,Strongly favor,Somewhat favor,Somewhat oppose,No,No concerns
10029,1.7977,Democrat,18-29,High school or less,Suburban,Arkansas,Strongly favor,Somewhat favor,Somewhat favor,No,Something else
10030,1.8814,Republican,18-29,Some college,Suburban,Texas,Strongly oppose,Somewhat favor,Somewhat favor,No,No concerns
10031,0.5069,Republican,50-64,College graduate or more,Urban,Texas,Strongly oppose,Somewhat favor,Somewhat favor,No,No concerns
10032,0.8088,Republican,30-49,Some college,Suburban,Louisiana,Somewhat favor,Somewhat favor,Strongly oppose,No,No concerns
10033,0.3436,Independent,65+,College graduate or more,Suburban,Louisiana,Strongly favor,Strongly oppose,Strongly oppose,No,Doubts it is reliable
10034,0.9502,Republican,30-49,Some college,Suburban,Kansas,Strongly favor,Somewhat favor,Somewhat oppose,No,No concerns
10035,0.501,Democrat,65+,Some college,Rural,Texas,Strongly favor,Somewhat favor,Strongly favor,No,No concerns
10036,1.4113,Republican,18-29,College graduate or more,Urban,Kansas,Somewhat favor,Somewhat favor,Somewhat favor,No,No concerns
10037,0.8178,Democrat,50-64,High school or less,Urban,Missouri,Strongly favor,Somewhat oppose,Somewhat oppose,Yes,Worried about property values
10038,0.5235,Democrat,30-49,College graduate or more,Urban,Texas,Somewhat favor,Strongly favor,Somewhat oppose,No,No concerns
10039,2.4075,Democrat,18-29,High school or less,Rural,Oklahoma,Strongly favor,Strongly favor,Somewhat favor,Yes,No concerns
10040,1.2483,Independent,65+,High school or less,Suburban,Kansas,Strongly oppose,Strongly oppose,Strongly oppose,Yes,Uses too much land
10041,0.8464,Republican,30-49,Some college,Suburban,Texas,Somewhat oppose,Strongly oppose,Somewhat oppose,No,Doubts it is reliable
10042,1.6937,Republican,30-49,High school or less,Rural,Oklahoma,Strongly favor,Somewhat oppose,Strongly oppose,No,Worried about property values
10043,0.6834,Republican,50-64,Some college,Urban,Texas,Strongly oppose,Somewhat favor,Strongly oppose,No,No concerns
10044,1.0364,Independent,50-64,Some college,Rural,Texas,Somewhat favor,Strongly oppose,99,No,Changes how the area looks
10045,2.3179,Independent,18-29,High school or less,Suburban,Arkansas,Strongly favor,Somewhat favor,Strongly favor,No,No concerns
10046,0.9812,Independent,30-49,High school or less,Suburban,Texas,Somewhat favor,Somewhat favor,Strongly favor,No,Changes how the area looks
10047,0.7136,Republican,50-64,College graduate or more,Rural,Missouri,Strongly oppose,Strongly oppose,Somewhat oppose,Yes,Worried about property values
10048,0.3669,Democrat,50-64,College graduate or more,Suburban,Texas,Somewhat favor,Somewhat favor,Strongly favor,No,No concerns
10049,0.7602,Democrat,50-64,High school or less,Suburban,Texas,Strongly favor,Somewhat favor,Strongly oppose,No,Worried about property values
10050,0.7161,Independent,65+,College graduate or more,Rural,Texas,Strongly favor,Strongly oppose,Strongly oppose,Yes,Worried about property values
10051,0.6291,Republican,65+,Some college,Suburban,Texas,Somewhat favor,Strongly oppose,Somewhat favor,No,Uses too much land
10052,0.5675,Independent,50-64,High school or less,Suburban,Texas,Somewhat favor,Strongly oppose,Somewhat oppose,No,Worried about property values
10053,0.9283,Republican,18-29,College graduate or more,Suburban,Oklahoma,Strongly favor,Somewhat favor,Strongly oppose,No,No concerns
10054,1.218,Independent,65+,High school or less,Rural,Oklahoma,Strongly favor,Strongly favor,Strongly oppose,No,No concerns
10055,1.3452,Democrat,18-29,Some college,Suburban,Arkansas,Somewhat favor,Somewhat oppose,Somewhat oppose,No,Worried about property values
10056,0.3424,Republican,65+,College graduate or more,Urban,Oklahoma,Strongly favor,Somewhat oppose,Somewhat oppose,No,Uses too much land
10057,1.58,Republican,18-29,High school or less,Suburban,Louisiana,Strongly favor,Somewhat favor,Strongly oppose,No,No concerns
10058,0.7153,Independent,50-64,College graduate or more,Rural,Oklahoma,Strongly favor,Somewhat favor,Somewhat oppose,No,No concerns
10059,0.6428,Democrat,30-49,Some college,Suburban,Louisiana,Strongly favor,Strongly favor,Somewhat oppose,No,No concerns
10060,0.7261,Democrat,50-64,High school or less,Urban,Arkansas,Strongly favor,Somewhat favor,Somewhat favor,No,No concerns
10061,0.4017,Republican,65+,College graduate or more,Urban,Missouri,Somewhat favor,Strongly oppose,Somewhat oppose,No,Doubts it is reliable
10062,0.7559,Republican,30-49,College graduate or more,Suburban,Arkansas,Somewhat oppose,Strongly favor,Somewhat oppose,No,Uses too much land
10063,1.7297,Republican,18-29,Some college,Suburban,Texas,Somewhat favor,Somewhat favor,Strongly oppose,No,Uses too much land
10064,0.9352,Democrat,30-49,Some college,Urban,Texas,Somewhat favor,Strongly favor,Somewhat favor,No,No concerns
10065,0.4761,Democrat,50-64,College graduate or more,Rural,Oklahoma,Somewhat favor,Somewhat favor,Somewhat favor,No,No concerns
10066,0.3813,Democrat,50-64,College graduate or more,Rural,Oklahoma,Strongly favor,Somewhat favor,Somewhat favor,No,Uses too much land
10067,0.4836,Republican,65+,Some college,Urban,Arkansas,Somewhat favor,Somewhat favor,Somewhat favor,No,Uses too much land
10068,0.6813,Democrat,50-64,Some college,Urban,Oklahoma,Somewhat favor,99,Somewhat favor,No,Uses too much land
10069,0.8421,Democrat,30-49,Some college,Suburban,Arkansas,Strongly favor,Strongly favor,Somewhat favor,No,No concerns
10070,2.2275,Independent,18-29,High school or less,Suburban,Kansas,Somewhat favor,Somewhat favor,Somewhat favor,No,No concerns
10071,0.6934,Democrat,30-49,College graduate or more,Suburban,Louisiana,Somewhat favor,Somewhat favor,Somewhat favor,Yes,Worried about property values
10072,0.9617,Independent,18-29,College graduate or more,Urban,Texas,Somewhat favor,Somewhat favor,Somewhat favor,No,No concerns
10073,0.665,Independent,30-49,College graduate or more,Suburban,Texas,Strongly favor,Somewhat favor,Strongly favor,No,No concerns
10074,1.0222,Republican,50-64,Some college,Suburban,Texas,Somewhat oppose,Strongly favor,Somewhat favor,No,No concerns
10075,2.042,Independent,18-29,High school or less,Rural,Louisiana,Somewhat favor,Somewhat favor,Strongly favor,No,No concerns
10076,0.8436,Republican,65+,High school or less,Suburban,Texas,Somewhat favor,Strongly oppose,Somewhat oppose,No,Something else
10077,0.7601,Democrat,50-64,High school or less,Suburban,Texas,Strongly favor,Somewhat favor,Somewhat oppose,No,Worried about property values
10078,0.8406,Independent,50-64,Some college,Urban,Texas,Strongly favor,Strongly oppose,Somewhat oppose,No,Uses too much land
10079,1.9249,Independent,18-29,Some college,Urban,Louisiana,Strongly favor,Somewhat favor,Somewhat oppose,No,Something else
10080,0.3891,Democrat,65+,College graduate or more,Suburban,Texas,Somewhat favor,Somewhat favor,Strongly oppose,No,Changes how the area looks
10081,0.3839,Democrat,50-64,College graduate or more,Urban,Kansas,Somewhat favor,Somewhat favor,Somewhat oppose,Yes,Changes how the area looks
10082,0.4809,Democrat,50-64,College graduate or more,Urban,Arkansas,Somewhat favor,Somewhat favor,Somewhat favor,No,Uses too much land
10083,0.9114,Republican,30-49,Some college,Suburban,Texas,Strongly favor,Somewhat oppose,Strongly oppose,Yes,Uses too much land
10084,0.4263,Democrat,50-64,College graduate or more,Suburban,Texas,Strongly favor,Somewhat favor,99,No,No concerns
10085,1.0293,Republican,30-49,Some college,Suburban,Louisiana,Strongly favor,Somewhat favor,Somewhat oppose,Yes,Changes how the area looks
10086,1.1577,Independent,50-64,High school or less,Urban,Texas,Somewhat favor,Somewhat favor,Somewhat favor,No,Uses too much land
10087,0.6113,Democrat,30-49,College graduate or more,Suburban,Missouri,Strongly favor,Somewhat favor,Strongly oppose,No,No concerns
10088,1.964,Independent,30-49,High school or less,Urban,Oklahoma,Strongly favor,Somewhat favor,Strongly favor,No,Changes how the area looks
10089,0.5692,Democrat,50-64,Some college,Suburban,Oklahoma,Somewhat favor,Strongly favor,Somewhat favor,No,Uses too much land
10090,1.0043,Independent,65+,High school or less,Urban,Kansas,Strongly favor,Somewhat favor,Strongly favor,No,Changes how the area looks
10091,0.7122,Independent,50-64,Some college,Urban,Texas,Strongly oppose,Somewhat oppose,Somewhat favor,No,Worried about property values
10092,1.6317,Republican,30-49,High school or less,Urban,Texas,Strongly favor,Strongly favor,Strongly oppose,No,No concerns
10093,3.0825,Republican,18-29,High school or less,Rural,Louisiana,Strongly oppose,Somewhat oppose,Somewhat oppose,Yes,Changes how the area looks
10094,0.7925,Republican,30-49,College graduate or more,Suburban,Missouri,Strongly favor,Strongly oppose,Somewhat oppose,No,Changes how the area looks
10095,2.5411,Republican,18-29,High school or less,Urban,Kansas,Somewhat favor,99,Somewhat oppose,No,Changes how the area looks
10096,0.4319,Republican,50-64,College graduate or more,Suburban,Texas,Strongly favor,Somewhat oppose,Strongly favor,No,Changes how the area looks
10097,0.7594,Republican,50-64,Some college,Suburban,Texas,Strongly favor,Strongly oppose,Somewhat favor,No,Uses too much land
10098,0.9005,Republican,65+,High school or less,Suburban,Texas,Somewhat oppose,Somewhat favor,Strongly oppose,No,Changes how the area looks
10099,0.8751,Republican,50-64,Some college,Rural,Arkansas,Somewhat favor,Somewhat favor,Somewhat oppose,No,Changes how the area looks
10100,1.1121,Democrat,30-49,High school or less,Rural,Texas,Strongly favor,Somewhat favor,Strongly favor,No,No concerns
10101,1.4436,Democrat,50-64,High school or less,Urban,Louisiana,Somewhat favor,Somewhat favor,Strongly favor,No,Worried about property values
10102,1.136,Independent,65+,High school or less,Suburban,Texas,Strongly favor,Somewhat oppose,Somewhat oppose,Yes,Uses too much land
10103,1.6008,Republican,30-49,High school or less,Urban,Texas,Somewhat oppose,Strongly oppose,Somewhat oppose,No,Uses too much land
10104,0.3188,Independent,65+,College graduate or more,Suburban,Arkansas,Somewhat favor,Somewhat favor,Strongly oppose,Yes,No concerns
10105,1.069,Independent,30-49,College graduate or more,Rural,Oklahoma,Somewhat favor,99,Strongly oppose,Yes,Uses too much land
10106,1.6192,Republican,18-29,Some college,Suburban,Texas,Strongly favor,Somewhat oppose,Strongly oppose,No,Uses too much land
10107,1.1143,Democrat,50-64,Some college,Rural,Louisiana,Somewhat favor,Somewhat favor,Somewhat favor,No,No concerns
10108,0.7446,Republican,30-49,College graduate or more,Urban,Arkansas,Somewhat favor,Strongly favor,Somewhat favor,No,No concerns
10109,0.5252,Democrat,50-64,Some college,Suburban,Texas,Strongly favor,Strongly favor,Somewhat oppose,No,Something else
10110,1.174,Democrat,18-29,Some college,Suburban,Texas,Strongly favor,Somewhat favor,Strongly favor,No,Changes how the area looks
10111,0.5287,Independent,65+,Some college,Suburban,Texas,Strongly oppose,Somewhat favor,Somewhat favor,No,No concerns
10112,0.4424,Democrat,65+,Some college,Urban,Texas,Strongly favor,Somewhat oppose,Somewhat favor,No,Uses too much land
10113,1.2093,Independent,30-49,High school or less,Suburban,Texas,Somewhat favor,Strongly favor,Somewhat favor,No,No concerns
10114,0.7274,Democrat,50-64,Some college,Suburban,Texas,Somewhat oppose,Strongly favor,Strongly favor,No,Uses too much land
10115,1.1987,Independent,30-49,High school or less,Suburban,Arkansas,Strongly favor,Strongly favor,Strongly oppose,No,Uses too much land
10116,0.5089,Independent,30-49,College graduate or more,Suburban,Texas,Strongly favor,Somewhat favor,Strongly oppose,No,Something else
10117,1.048,Democrat,50-64,High school or less,Urban,Arkansas,Strongly favor,Somewhat favor,Strongly favor,Yes,No concerns
10118,2.3604,Democrat,18-29,High school or less,Urban,Louisiana,Strongly favor,Somewhat favor,Strongly favor,No,No concerns
10119,0.8421,Independent,65+,High school or less,Suburban,Texas,Somewhat favor,Strongly favor,Strongly oppose,No,No concerns
10120,0.5519,Republican,65+,College graduate or more,Rural,Arkansas,Somewhat favor,Strongly oppose,Somewhat oppose,No,Changes how the area looks
10121,0.6418,Democrat,30-49,Some college,Suburban,Texas,Strongly favor,Strongly favor,Somewhat favor,No,Uses too much land
10122,0.4007,Republican,65+,College graduate or more,Urban,Texas,Somewhat oppose,Strongly oppose,Somewhat oppose,No,Something else
10123,1.0042,Republican,18-29,Some college,Suburban,Oklahoma,Somewhat favor,Somewhat favor,Somewhat favor,Yes,No concerns
10124,0.5988,Independent,30-49,College graduate or more,Rural,Kansas,Somewhat favor,Somewhat oppose,Somewhat oppose,Yes,Uses too much land
10125,1.106,Democrat,30-49,Some college,Rural,Arkansas,Somewhat favor,Strongly favor,Strongly favor,No,Changes how the area looks
10126,1.4571,Republican,30-49,High school or less,Rural,Arkansas,Strongly oppose,Strongly oppose,Strongly oppose,No,Changes how the area looks
10127,0.9621,Democrat,50-64,High school or less,Rural,Louisiana,Somewhat favor,Somewhat favor,Strongly favor,Yes,No concerns
10128,1.1985,Democrat,18-29,College graduate or more,Rural,Texas,Strongly favor,Strongly favor,Strongly oppose,Yes,Worried about property values
10129,0.8147,Independent,30-49,College graduate or more,Rural,Texas,Strongly favor,Somewhat favor,99,Yes,No concerns
10130,0.8593,Democrat,30-49,Some college,Suburban,Louisiana,Strongly favor,Somewhat favor,Strongly oppose,No,Uses too much land
10131,0.6274,Republican,65+,Some college,Suburban,Louisiana,Strongly favor,Somewhat favor,Strongly oppose,No,No concerns
10132,1.7677,Democrat,30-49,High school or less,Rural,Texas,Somewhat favor,Strongly favor,Strongly favor,No,Uses too much land
10133,0.3365,Republican,65+,College graduate or more,Suburban,Oklahoma,Somewhat favor,Somewhat oppose,Somewhat oppose,No,Uses too much land
10134,0.5438,Democrat,30-49,College graduate or more,Suburban,Texas,Somewhat favor,Somewhat favor,Somewhat favor,No,No concerns
10135,0.4627,Democrat,50-64,College graduate or more,Rural,Louisiana,Somewhat oppose,Strongly favor,Somewhat oppose,No,No concerns
10136,0.3993,Democrat,50-64,College graduate or more,Suburban,Oklahoma,Somewhat favor,Somewhat favor,Strongly favor,No,No concerns
10137,1.6517,Republican,30-49,Some college,Rural,Texas,Somewhat oppose,Somewhat favor,Strongly favor,No,No concerns
10138,1.8926,Independent,18-29,High school or less,Suburban,Texas,Strongly favor,Somewhat favor,Somewhat favor,No,No concerns
10139,0.3564,Independent,50-64,College graduate or more,Suburban,Oklahoma,Strongly favor,Strongly oppose,Strongly oppose,No,Worried about property values
10140,1.0101,Republican,65+,High school or less,Suburban,Texas,Strongly oppose,Strongly oppose,Somewhat oppose,No,Something else
10141,0.9012,Independent,65+,High school or less,Rural,Texas,Strongly favor,Somewhat oppose,99,No,Worried about property values
10142,0.825,Republican,50-64,High school or less,Suburban,Oklahoma,Strongly favor,Somewhat favor,99,No,No concerns
10143,1.7286,Republican,30-49,High school or less,Suburban,Kansas,Somewhat favor,Somewhat oppose,Somewhat oppose,No,Uses too much land
10144,0.5961,Democrat,30-49,College graduate or more,Urban,Texas,Strongly favor,Somewhat favor,Strongly favor,No,No concerns
10145,1.8957,Democrat,18-29,High school or less,Urban,Kansas,Strongly favor,Somewhat favor,Strongly favor,No,No concerns
10146,1.0008,Democrat,30-49,High school or less,Urban,Texas,Somewhat favor,Strongly favor,Somewhat oppose,No,No concerns
10147,2.062,Democrat,18-29,High school or less,Urban,Oklahoma,Somewhat favor,Strongly favor,Somewhat favor,No,Uses too much land
10148,0.6128,Republican,30-49,College graduate or more,Urban,Missouri,Somewhat favor,Somewhat oppose,Somewhat oppose,Yes,Changes how the area looks
10149,0.422,Democrat,30-49,College graduate or more,Suburban,Texas,Strongly favor,Strongly favor,Strongly favor,No,No concerns
10150,0.7127,Republican,65+,Some college,Suburban,Oklahoma,Somewhat favor,Strongly oppose,Somewhat favor,No,Something else
10151,3.1204,Democrat,18-29,High school or less,Rural,Texas,Somewhat favor,Strongly favor,Strongly favor,No,Changes how the area looks
10152,1.3305,Republican,30-49,High school or less,Urban,Oklahoma,Somewhat oppose,Somewhat oppose,Strongly oppose,Yes,Doubts it is reliable
10153,1.166,Democrat,30-49,High school or less,Urban,Texas,Strongly favor,Somewhat favor,Somewhat favor,No,No concerns
10154,0.5721,Democrat,30-49,College graduate or more,Rural,Texas,Somewhat favor,Somewhat favor,Somewhat favor,Yes,Worried about property values
10155,0.8082,Republican,50-64,Some college,Suburban,Oklahoma,Somewhat favor,Somewhat oppose,Strongly favor,No,Worried about property values
10156,0.8214,Republican,65+,High school or less,Urban,Texas,Somewhat oppose,Somewhat oppose,Somewhat oppose,No,Doubts it is reliable
10157,0.6133,Independent,30-49,College graduate or more,Suburban,Louisiana,Strongly favor,Strongly favor,Somewhat favor,No,Uses too much land
10158,0.3275,Democrat,65+,College graduate or more,Suburban,Oklahoma,Strongly favor,Somewhat favor,Strongly favor,No,No concerns
10159,0.7959,Democrat,30-49,College graduate or more,Rural,Texas,Strongly favor,Strongly favor,Strongly favor,No,No concerns
10160,1.0175,Independent,50-64,High school or less,Rural,Texas,Strongly favor,Somewhat favor,Somewhat favor,No,Changes how the area looks
10161,0.2769,Democrat,65+,College graduate or more,Suburban,Texas,Somewhat favor,Strongly favor,Somewhat favor,Yes,Uses too much land
10162,1.1944,Republican,18-29,College graduate or more,Rural,Louisiana,Strongly oppose,Somewhat oppose,99,No,Doubts it is reliable
10163,0.6485,Democrat,30-49,College graduate or more,Rural,Kansas,Somewhat favor,Somewhat favor,Somewhat favor,No,No concerns
10164,1.2547,Republican,30-49,High school or less,Suburban,Texas,Somewhat favor,Strongly favor,Somewhat favor,Yes,Changes how the area looks
10165,0.9975,Republican,65+,High school or less,Urban,Texas,Strongly favor,Somewhat oppose,Somewhat oppose,No,Worried about property values
10166,0.9869,Republican,50-64,Some college,Rural,Kansas,Somewhat oppose,Strongly oppose,Somewhat oppose,Yes,Worried about property values
10167,1.1765,Democrat,18-29,Some college,Urban,Texas,Strongly favor,Strongly favor,Somewhat favor,No,Something else
10168,1.6385,Democrat,30-49,High school or less,Rural,Arkansas,Strongly favor,Strongly favor,Somewhat oppose,No,Changes how the area looks
10169,0.7058,Democrat,50-64,High school or less,Urban,Louisiana,Strongly favor,Strongly favor,Strongly favor,No,Uses too much land
10170,0.6852,Independent,30-49,College graduate or more,Urban,Missouri,Somewhat oppose,Strongly favor,Somewhat favor,No,No concerns
10171,0.9139,Independent,65+,High school or less,Urban,Arkansas,Somewhat favor,Somewhat favor,Strongly favor,No,No concerns
10172,0.7854,Republican,65+,High school or less,Suburban,Louisiana,Somewhat oppose,Strongly oppose,Strongly oppose,No,Worried about property values
10173,0.9782,Democrat,50-64,High school or less,Urban,Missouri,Strongly favor,Somewhat favor,Strongly favor,No,No concerns
10174,0.4016,Democrat,50-64,College graduate or more,Urban,Texas,Somewhat favor,Somewhat favor,Strongly favor,Yes,No concerns
10175,0.5553,Independent,30-49,College graduate or more,Suburban,Arkansas,Strongly favor,Strongly favor,Somewhat oppose,No,No concerns
10176,0.4972,Republican,50-64,Some college,Suburban,Texas,Strongly favor,Somewhat favor,Somewhat oppose,No,Changes how the area looks
10177,1.4091,Republican,30-49,High school or less,Suburban,Kansas,Somewhat favor,Strongly favor,Strongly favor,No,Changes how the area looks
10178,0.7706,Republican,65+,High school or less,Suburban,Texas,Strongly favor,Strongly favor,Somewhat oppose,No,No concerns
10179,2.1992,Democrat,18-29,High school or less,Suburban,Missouri,Somewhat favor,Strongly favor,Somewhat oppose,No,Worried about property values
10180,2.0258,Independent,18-29,Some college,Urban,Texas,Strongly favor,Somewhat oppose,Somewhat favor,Yes,Uses too much land
10181,0.5336,Republican,50-64,College graduate or more,Urban,Texas,Somewhat favor,Somewhat oppose,Somewhat favor,No,Something else
10182,0.7066,Republican,30-49,College graduate or more,Urban,Texas,Somewhat favor,Somewhat favor,Strongly oppose,No,Uses too much land
10183,0.989,Republican,30-49,College graduate or more,Rural,Texas,Somewhat favor,Somewhat oppose,Somewhat oppose,Yes,Doubts it is reliable
10184,1.9922,Independent,18-29,Some college,Urban,Louisiana,Somewhat favor,Strongly favor,Strongly favor,No,Worried about property values
10185,1.6695,Republican,18-29,Some college,Suburban,Louisiana,Somewhat oppose,Somewhat favor,99,No,No concerns
10186,0.3202,Democrat,65+,Some college,Urban,Texas,Strongly favor,Somewhat oppose,Strongly favor,No,Changes how the area looks
10187,0.9796,Republican,50-64,Some college,Urban,Oklahoma,Strongly oppose,Strongly favor,Somewhat favor,Yes,No concerns
10188,0.8434,Democrat,65+,High school or less,Suburban,Kansas,Strongly favor,Somewhat oppose,Strongly favor,No,Uses too much land
10189,0.6616,Independent,50-64,Some college,Suburban,Texas,Somewhat favor,Somewhat favor,Strongly oppose,No,Uses too much land
10190,0.8588,Democrat,18-29,College graduate or more,Suburban,Kansas,Somewhat favor,Somewhat favor,Strongly favor,No,No concerns
10191,0.972,Republican,50-64,High school or less,Suburban,Louisiana,Strongly favor,Somewhat oppose,Somewhat oppose,No,Doubts it is reliable
10192,1.8451,Republican,18-29,High school or less,Suburban,Oklahoma,Strongly oppose,99,Strongly oppose,No,No concerns
10193,0.4301,Republican,65+,College graduate or more,Urban,Texas,Somewhat favor,Somewhat oppose,Strongly oppose,No,Doubts it is reliable
10194,0.5186,Independent,50-64,College graduate or more,Suburban,Texas,Somewhat favor,Somewhat favor,Strongly favor,No,Something else
10195,0.5447,Republican,65+,Some college,Urban,Kansas,Strongly favor,Somewhat oppose,Strongly oppose,No,Uses too much land
10196,1.1937,Democrat,18-29,Some college,Suburban,Texas,Strongly favor,Somewhat favor,Strongly favor,No,Worried about property values
10197,1.6418,Republican,30-49,High school or less,Suburban,Texas,Strongly favor,Strongly favor,Somewhat oppose,No,Changes how the area looks
10198,1.0414,Republican,50-64,High school or less,Suburban,Texas,Strongly favor,Somewhat oppose,Strongly oppose,No,Uses too much land
10199,0.6284,Democrat,50-64,Some college,Suburban,Kansas,Somewhat favor,Strongly favor,Strongly favor,No,Worried about property values
10200,0.4523,Democrat,50-64,College graduate or more,Urban,Kansas,Strongly favor,Somewhat oppose,Somewhat favor,No,Uses too much land
10201,2.0031,Independent,30-49,High school or less,Rural,Louisiana,Strongly favor,Somewhat favor,Somewhat favor,Yes,No concerns
10202,0.5436,Republican,50-64,College graduate or more,Rural,Oklahoma,Strongly favor,Strongly oppose,Strongly oppose,No,Uses too much land
10203,1.1882,Independent,30-49,High school or less,Suburban,Missouri,Somewhat favor,Strongly favor,Somewhat favor,No,No concerns
10204,1.6851,Republican,18-29,High school or less,Suburban,Missouri,Strongly favor,Strongly oppose,Somewhat oppose,Yes,Changes how the area looks
10205,1.0108,Republican,18-29,College graduate or more,Suburban,Arkansas,Strongly oppose,Somewhat oppose,Strongly oppose,No,Changes how the area looks
10206,0.6453,Republican,65+,High school or less,Suburban,Arkansas,Somewhat favor,Somewhat oppose,Strongly favor,No,Doubts it is reliable
10207,0.38,Democrat,50-64,College graduate or more,Suburban,Kansas,Strongly favor,Somewhat favor,Somewhat favor,No,Something else
10208,0.7131,Republican,30-49,College graduate or more,Suburban,Oklahoma,Strongly favor,Somewhat favor,Somewhat oppose,No,Changes how the area looks
10209,1.1171,Republican,30-49,Some college,Urban,Texas,Somewhat oppose,Somewhat oppose,Somewhat oppose,No,Uses too much land
10210,1.7088,Independent,30-49,High school or less,Suburban,Texas,Strongly favor,Somewhat favor,Strongly favor,No,Changes how the area looks
10211,0.7424,Democrat,18-29,College graduate or more,Suburban,Arkansas,Somewhat favor,Somewhat favor,Strongly favor,No,Something else
10212,0.4734,Democrat,30-49,College graduate or more,Urban,Oklahoma,Somewhat favor,Somewhat favor,Somewhat favor,Yes,No concerns
10213,0.8152,Republican,30-49,College graduate or more,Rural,Texas,Strongly oppose,Strongly oppose,Strongly favor,No,Doubts it is reliable
10214,0.6758,Independent,30-49,College graduate or more,Rural,Texas,Strongly favor,Somewhat oppose,Strongly oppose,No,Uses too much land
10215,0.4486,Republican,65+,College graduate or more,Suburban,Louisiana,Strongly oppose,Somewhat oppose,Strongly oppose,No,Uses too much land
10216,0.7666,Republican,30-49,College graduate or more,Rural,Texas,Strongly favor,Somewhat oppose,Somewhat oppose,No,Worried about property values
10217,2.7984,Democrat,18-29,High school or less,Rural,Texas,Somewhat favor,Strongly favor,Somewhat oppose,No,No concerns
10218,0.663,Democrat,50-64,Some college,Suburban,Texas,Strongly favor,Strongly favor,Strongly favor,Yes,Uses too much land
10219,1.1103,Republican,30-49,Some college,Urban,Oklahoma,Somewhat favor,99,Somewhat favor,Yes,Something else
10220,0.4363,Democrat,30-49,College graduate or more,Suburban,Texas,Strongly favor,Somewhat favor,Strongly favor,No,No concerns
10221,0.6227,Republican,30-49,College graduate or more,Suburban,Louisiana,Strongly favor,Strongly favor,Somewhat oppose,No,No concerns
10222,0.9025,Independent,50-64,High school or less,Suburban,Louisiana,Strongly favor,Strongly oppose,Somewhat oppose,No,Uses too much land
10223,0.8607,Republican,50-64,High school or less,Urban,Oklahoma,Somewhat oppose,Strongly oppose,Somewhat oppose,No,Uses too much land
10224,0.5936,Independent,65+,High school or less,Suburban,Texas,Somewhat oppose,Somewhat favor,99,No,No concerns
10225,0.48,Democrat,50-64,College graduate or more,Rural,Arkansas,Strongly favor,Somewhat favor,Somewhat favor,No,No concerns
10226,2.1197,Independent,18-29,Some college,Rural,Texas,Somewhat favor,Somewhat oppose,Somewhat oppose,No,Uses too much land
10227,0.6535,Democrat,30-49,College graduate or more,Rural,Arkansas,Strongly favor,Strongly favor,Strongly favor,Yes,No concerns
10228,0.6323,Democrat,30-49,College graduate or more,Suburban,Louisiana,Somewhat favor,Strongly favor,Strongly favor,Yes,No concerns
10229,2.9142,Republican,18-29,High school or less,Rural,Oklahoma,Strongly favor,Somewhat favor,Somewhat oppose,No,No concerns
10230,0.7671,Democrat,65+,High school or less,Urban,Texas,Somewhat favor,Somewhat favor,Somewhat favor,No,No concerns
10231,0.818,Independent,50-64,Some college,Suburban,Texas,Somewhat favor,Somewhat favor,Strongly favor,No,No concerns
10232,0.6841,Democrat,50-64,High school or less,Urban,Texas,Strongly favor,Somewhat favor,Strongly favor,No,Something else
10233,0.8307,Independent,50-64,Some college,Rural,Texas,Strongly favor,Strongly oppose,Somewhat favor,No,Uses too much land
10234,1.9614,Independent,18-29,High school or less,Suburban,Oklahoma,Strongly favor,Somewhat favor,Strongly oppose,No,No concerns
10235,0.6488,Independent,50-64,College graduate or more,Rural,Oklahoma,Strongly favor,Somewhat favor,Strongly favor,Yes,Worried about property values
10236,0.7498,Democrat,65+,High school or less,Suburban,Texas,Strongly favor,Somewhat favor,Somewhat favor,No,No concerns
10237,0.9067,Republican,30-49,College graduate or more,Suburban,Kansas,Strongly oppose,Somewhat favor,Strongly oppose,No,No concerns
10238,1.7478,Independent,30-49,High school or less,Suburban,Louisiana,Somewhat favor,Strongly oppose,Somewhat oppose,No,Worried about property values
10239,1.453,Democrat,30-49,High school or less,Suburban,Texas,Somewhat favor,Strongly favor,Strongly favor,No,No concerns
10240,0.5565,Democrat,30-49,College graduate or more,Suburban,Texas,Somewhat favor,Strongly favor,Somewhat favor,No,Changes how the area looks
10241,0.5619,Independent,65+,Some college,Suburban,Louisiana,Strongly favor,Strongly favor,Strongly favor,No,Something else
10242,1.4376,Democrat,18-29,Some college,Suburban,Texas,Somewhat favor,Somewhat favor,Somewhat oppose,No,Changes how the area looks
10243,1.4097,Democrat,30-49,High school or less,Suburban,Texas,Strongly favor,Somewhat favor,Strongly oppose,No,Changes how the area looks
10244,0.8929,Democrat,30-49,Some college,Urban,Louisiana,Somewhat oppose,Somewhat favor,Strongly oppose,No,No concerns
10245,1.4153,Democrat,18-29,Some college,Suburban,Louisiana,Strongly favor,Somewhat favor,Somewhat favor,No,No concerns
10246,1.2594,Republican,50-64,High school or less,Urban,Texas,Strongly favor,Somewhat favor,Somewhat favor,No,No concerns
10247,0.9383,Republican,65+,High school or less,Suburban,Oklahoma,Strongly favor,Somewhat oppose,Somewhat oppose,No,Doubts it is reliable
10248,2.2271,Republican,18-29,High school or less,Suburban,Louisiana,Somewhat favor,Somewhat favor,Somewhat oppose,No,No concerns
10249,0.7981,Republican,30-49,College graduate or more,Rural,Oklahoma,Strongly favor,Somewhat oppose,99,No,Something else
10250,0.9155,Republican,65+,High school or less,Suburban,Oklahoma,Somewhat favor,Strongly oppose,Somewhat oppose,No,Changes how the area looks
10251,1.8239,Republican,18-29,Some college,Rural,Arkansas,Strongly favor,Strongly favor,Strongly favor,Yes,No concerns
10252,1.2328,Democrat,18-29,Some college,Urban,Texas,Somewhat favor,Strongly favor,Strongly favor,No,Changes how the area looks
10253,1.0594,Democrat,30-49,High school or less,Suburban,Oklahoma,Strongly oppose,Somewhat favor,Strongly favor,No,Changes how the area looks
10254,2.5317,Independent,18-29,Some college,Rural,Oklahoma,Strongly favor,Somewhat oppose,Somewhat favor,No,Changes how the area looks
10255,2.4625,Democrat,18-29,High school or less,Suburban,Texas,Strongly favor,Somewhat favor,Somewhat favor,No,Something else
10256,1.6563,Republican,30-49,High school or less,Urban,Arkansas,Strongly favor,Somewhat favor,Somewhat favor,No,Changes how the area looks
10257,2.8382,Independent,18-29,High school or less,Suburban,Louisiana,Somewhat oppose,Somewhat favor,Somewhat favor,No,No concerns
10258,0.7309,Democrat,30-49,Some college,Urban,Texas,Somewhat favor,Somewhat favor,Somewhat favor,No,Uses too much land
10259,0.8587,Democrat,65+,High school or less,Rural,Oklahoma,Strongly favor,Somewhat oppose,Strongly oppose,No,Uses too much land
10260,0.6915,Independent,65+,Some college,Urban,Louisiana,Strongly favor,Somewhat favor,Somewhat favor,No,Something else
10261,0.9236,Independent,50-64,High school or less,Suburban,Texas,Somewhat favor,99,Strongly favor,No,No concerns
10262,1.0748,Independent,30-49,Some college,Urban,Arkansas,Strongly favor,Strongly favor,Somewhat favor,No,No concerns
10263,0.8767,Republican,65+,High school or less,Suburban,Kansas,Somewhat oppose,Strongly oppose,Somewhat oppose,No,Doubts it is reliable
10264,1.0239,Republican,30-49,Some college,Suburban,Texas,Somewhat favor,Somewhat favor,Somewhat oppose,Yes,No concerns
10265,1.3777,Republican,18-29,College graduate or more,Urban,Oklahoma,Strongly favor,Strongly favor,Somewhat favor,No,Worried about property values
10266,1.2285,Independent,18-29,College graduate or more,Urban,Missouri,Strongly favor,Somewhat favor,Strongly favor,No,No concerns
10267,0.7128,Republican,18-29,College graduate or more,Suburban,Texas,Strongly favor,Somewhat favor,Strongly favor,No,No concerns
10268,1.3886,Independent,30-49,High school or less,Suburban,Oklahoma,Strongly favor,Somewhat favor,Somewhat oppose,No,No concerns
10269,1.7062,Democrat,30-49,High school or less,Rural,Texas,Somewhat favor,Strongly favor,Somewhat favor,No,Something else
10270,0.6401,Independent,65+,Some college,Suburban,Missouri,Strongly favor,Strongly oppose,Strongly oppose,Yes,Uses too much land
10271,2.7347,Republican,18-29,High school or less,Urban,Texas,Strongly oppose,Strongly oppose,Somewhat oppose,No,Uses too much land
10272,1.1359,Republican,18-29,College graduate or more,Rural,Arkansas,Somewhat favor,Strongly oppose,Strongly favor,No,Something else
10273,0.3536,Democrat,65+,College graduate or more,Suburban,Missouri,Somewhat favor,Somewhat favor,Somewhat favor,No,Changes how the area looks
10274,0.6473,Republican,30-49,College graduate or more,Suburban,Texas,Strongly favor,Strongly oppose,Strongly oppose,No,Uses too much land
10275,0.6689,Republican,65+,Some college,Urban,Louisiana,Strongly favor,Strongly oppose,99,Yes,Doubts it is reliable
10276,0.8919,Republican,50-64,Some college,Rural,Kansas,Strongly favor,Strongly oppose,Somewhat oppose,No,Changes how the area looks
10277,0.7685,Democrat,30-49,College graduate or more,Rural,Texas,Strongly favor,Somewhat favor,Somewhat favor,No,Uses too much land
10278,1.412,Republican,18-29,Some college,Urban,Louisiana,Strongly oppose,Somewhat favor,Somewhat favor,No,Changes how the area looks
10279,1.6953,Democrat,18-29,High school or less,Urban,Louisiana,Somewhat favor,Strongly favor,Somewhat favor,No,No concerns
10280,0.8818,Republican,30-49,Some college,Suburban,Louisiana,Somewhat oppose,Somewhat favor,Strongly favor,No,No concerns
10281,0.6478,Republican,50-64,Some college,Suburban,Arkansas,Strongly oppose,Strongly oppose,Strongly oppose,Yes,Uses too much land
10282,1.0283,Independent,30-49,Some college,Suburban,Kansas,Strongly favor,Somewhat favor,Strongly favor,No,No concerns
10283,0.3963,Democrat,65+,Some college,Urban,Kansas,Strongly favor,Somewhat favor,Somewhat favor,No,No concerns
10284,0.7684,Independent,30-49,College graduate or more,Suburban,Louisiana,Somewhat favor,Somewhat favor,Strongly favor,Yes,No concerns
10285,2.6855,Republican,30-49,High school or less,Rural,Oklahoma,Somewhat favor,99,Somewhat oppose,No,No concerns
10286,0.8168,Independent,65+,High school or less,Suburban,Texas,Somewhat favor,Somewhat favor,Somewhat favor,No,No concerns
10287,0.5703,Democrat,18-29,College graduate or more,Urban,Oklahoma,Somewhat favor,Strongly favor,Somewhat favor,No,No concerns
10288,0.6782,Republican,65+,Some college,Urban,Kansas,Somewhat favor,Strongly favor,Strongly oppose,No,Something else
10289,0.4443,Republican,50-64,College graduate or more,Urban,Kansas,Strongly favor,Strongly favor,Somewhat favor,No,Uses too much land
10290,0.996,Independent,30-49,Some college,Urban,Texas,Strongly favor,Strongly favor,Somewhat oppose,No,No concerns
10291,0.7052,Democrat,50-64,Some college,Urban,Louisiana,Strongly favor,Somewhat favor,Strongly favor,Yes,Something else
10292,0.333,Democrat,65+,College graduate or more,Urban,Louisiana,Strongly favor,Somewhat favor,99,No,No concerns
10293,1.0783,Independent,30-49,Some college,Suburban,Arkansas,Somewhat favor,Somewhat favor,Strongly oppose,Yes,No concerns
10294,1.6,Republican,30-49,High school or less,Urban,Missouri,Somewhat oppose,Strongly oppose,Somewhat oppose,No,Doubts it is reliable
10295,0.9313,Democrat,18-29,Some college,Suburban,Missouri,Somewhat favor,Somewhat favor,Somewhat favor,No,Worried about property values
10296,0.8021,Independent,50-64,Some college,Suburban,Texas,Strongly favor,Somewhat favor,Somewhat favor,Yes,Something else
10297,1.2145,Independent,50-64,High school or less,Rural,Missouri,Strongly favor,Somewhat favor,Strongly favor,Yes,Worried about property values
10298,1.324,Democrat,18-29,Some college,Urban,Texas,Somewhat favor,Somewhat favor,Somewhat favor,No,Something else
10299,1.1297,Independent,50-64,High school or less,Suburban,Missouri,Somewhat favor,99,Somewhat favor,Yes,No concerns
10300,1.1538,Independent,30-49,High school or less,Suburban,Texas,Strongly favor,Somewhat oppose,Strongly oppose,No,Uses too much land
10301,0.4687,Republican,50-64,College graduate or more,Urban,Arkansas,Somewhat oppose,Somewhat favor,Somewhat favor,No,No concerns
10302,0.9352,Republican,50-64,High school or less,Suburban,Texas,Strongly favor,Somewhat oppose,Somewhat favor,No,Uses too much land
10303,0.431,Democrat,50-64,College graduate or more,Rural,Texas,Somewhat favor,Somewhat favor,Strongly favor,No,No concerns
10304,1.0448,Democrat,18-29,College graduate or more,Rural,Missouri,Somewhat favor,Strongly oppose,Somewhat oppose,No,Uses too much land
10305,0.8201,Republican,65+,Some college,Urban,Texas,Strongly favor,Somewhat oppose,Somewhat oppose,No,Changes how the area looks
10306,0.5782,Republican,65+,Some college,Urban,Missouri,Strongly oppose,Somewhat favor,Somewhat oppose,No,Worried about property values
10307,0.4247,Independent,65+,College graduate or more,Rural,Kansas,Somewhat favor,Somewhat favor,Somewhat favor,Yes,No concerns
10308,1.1015,Republican,50-64,High school or less,Urban,Texas,Strongly oppose,Somewhat favor,Somewhat oppose,No,Worried about property values
10309,1.6942,Republican,18-29,Some college,Rural,Louisiana,Somewhat favor,Strongly oppose,Strongly oppose,Yes,Changes how the area looks
10310,0.5076,Republican,50-64,College graduate or more,Urban,Missouri,Strongly favor,Strongly favor,Strongly oppose,Yes,Uses too much land
10311,1.074,Democrat,30-49,Some college,Suburban,Arkansas,Somewhat favor,Somewhat favor,Somewhat favor,No,No concerns
10312,1.2476,Democrat,30-49,High school or less,Rural,Texas,Somewhat favor,Strongly favor,Strongly favor,No,No concerns
10313,0.4281,Republican,65+,College graduate or more,Suburban,Texas,Strongly favor,Strongly oppose,Strongly oppose,No,Changes how the area looks
10314,1.2801,Democrat,30-49,High school or less,Rural,Texas,Somewhat favor,Somewhat favor,Somewhat favor,Yes,Something else
10315,0.6968,Democrat,65+,High school or less,Urban,Texas,Somewhat favor,Somewhat favor,Somewhat favor,Yes,No concerns
10316,0.342,Republican,65+,College graduate or more,Suburban,Arkansas,Somewhat oppose,Somewhat favor,Somewhat oppose,Yes,Changes how the area looks
10317,0.7564,Republican,50-64,Some college,Suburban,Oklahoma,Strongly oppose,Strongly oppose,Somewhat favor,No,Doubts it is reliable
10318,0.5912,Democrat,30-49,College graduate or more,Urban,Arkansas,Strongly favor,Strongly favor,Strongly favor,Yes,Uses too much land
10319,0.7578,Democrat,30-49,Some college,Suburban,Louisiana,Strongly favor,Somewhat favor,Strongly favor,No,No concerns
10320,1.7327,Independent,18-29,High school or less,Suburban,Kansas,Strongly favor,Strongly oppose,Somewhat favor,No,Uses too much land
10321,1.2364,Republican,30-49,Some college,Suburban,Kansas,Somewhat oppose,Strongly favor,Strongly oppose,No,Worried about property values
10322,0.4621,Democrat,65+,College graduate or more,Rural,Louisiana,Strongly favor,Somewhat favor,Strongly favor,No,No concerns
10323,1.8404,Republican,18-29,Some college,Urban,Texas,Strongly oppose,Strongly favor,Strongly favor,No,Changes how the area looks
10324,2.4021,Republican,18-29,Some college,Rural,Texas,Strongly favor,Somewhat oppose,Strongly oppose,No,Worried about property values
10325,1.1209,Independent,30-49,Some college,Rural,Louisiana,Somewhat oppose,99,Somewhat oppose,Yes,No concerns
10326,0.8584,Republican,30-49,Some college,Suburban,Texas,Strongly favor,Strongly favor,Somewhat oppose,No,No concerns
10327,0.6327,Independent,50-64,College graduate or more,Suburban,Texas,Somewhat favor,Strongly favor,Somewhat favor,No,No concerns
10328,1.3172,Republican,50-64,High school or less,Urban,Texas,Somewhat favor,Somewhat favor,Strongly favor,No,Something else
10329,1.7185,Democrat,18-29,High school or less,Suburban,Oklahoma,Somewhat favor,Somewhat favor,Strongly favor,No,Worried about property values
10330,0.9866,Republican,65+,High school or less,Suburban,Louisiana,Strongly favor,Strongly favor,Strongly oppose,No,No concerns
10331,1.3116,Democrat,30-49,High school or less,Suburban,Texas,Somewhat favor,Somewhat favor,Strongly oppose,No,No concerns
10332,0.5508,Democrat,65+,Some college,Suburban,Arkansas,Strongly favor,Somewhat favor,Somewhat favor,Yes,Changes how the area looks
10333,0.5957,Republican,50-64,Some college,Suburban,Louisiana,Strongly oppose,Somewhat favor,Somewhat oppose,No,No concerns
10334,1.1725,Republican,30-49,Some college,Rural,Oklahoma,Somewhat favor,Strongly oppose,Somewhat oppose,No,Changes how the area looks
10335,1.3429,Independent,30-49,High school or less,Suburban,Texas,Somewhat oppose,Somewhat oppose,Strongly oppose,Yes,Uses too much land
10336,0.3127,Democrat,65+,College graduate or more,Suburban,Oklahoma,Strongly favor,Somewhat favor,Somewhat favor,No,No concerns
10337,2.6914,Republican,18-29,High school or less,Rural,Louisiana,Somewhat oppose,99,Somewhat oppose,No,Changes how the area looks
10338,0.6292,Democrat,30-49,Some college,Suburban,Arkansas,Somewhat favor,Strongly oppose,Somewhat favor,No,Doubts it is reliable
10339,0.5959,Republican,50-64,College graduate or more,Urban,Kansas,Strongly favor,Somewhat favor,Somewhat favor,No,Changes how the area looks
10340,0.8911,Independent,50-64,High school or less,Urban,Louisiana,Strongly oppose,Somewhat favor,Somewhat favor,No,No concerns
10341,0.5587,Democrat,50-64,College graduate or more,Suburban,Texas,Somewhat favor,Strongly favor,Somewhat favor,No,No concerns
10342,0.6189,Republican,30-49,College graduate or more,Suburban,Louisiana,Somewhat favor,Somewhat oppose,Strongly oppose,Yes,Uses too much land
10343,0.6995,Democrat,50-64,Some college,Rural,Texas,Somewhat favor,Somewhat favor,Strongly favor,No,No concerns
10344,1.1152,Democrat,50-64,High school or less,Rural,Texas,Somewhat favor,Somewhat favor,Somewhat favor,No,No concerns
10345,0.9735,Democrat,30-49,High school or less,Urban,Texas,Strongly favor,Somewhat favor,Strongly favor,No,No concerns
10346,0.8088,Democrat,30-49,Some college,Suburban,Oklahoma,Strongly favor,Somewhat favor,Strongly favor,No,No concerns
10347,2.6065,Republican,18-29,High school or less,Urban,Kansas,Strongly favor,Somewhat oppose,Somewhat oppose,No,Uses too much land
10348,1.5878,Republican,18-29,College graduate or more,Suburban,Texas,Somewhat favor,Somewhat oppose,Strongly oppose,No,Changes how the area looks
10349,1.642,Democrat,30-49,High school or less,Suburban,Oklahoma,Somewhat favor,Somewhat favor,Strongly favor,No,Worried about property values
10350,0.4058,Democrat,65+,College graduate or more,Rural,Oklahoma,Strongly oppose,Somewhat oppose,Strongly oppose,No,Changes how the area looks
10351,0.8771,Democrat,50-64,High school or less,Rural,Missouri,Strongly favor,Somewhat oppose,Somewhat oppose,No,Worried about property values
10352,0.7391,Republican,65+,Some college,Suburban,Texas,Somewhat favor,Somewhat favor,Strongly oppose,No,Changes how the area looks
10353,0.7228,Republican,50-64,Some college,Urban,Missouri,Somewhat favor,Somewhat favor,Somewhat oppose,Yes,Uses too much land
10354,0.4992,Democrat,50-64,College graduate or more,Suburban,Texas,Strongly favor,Somewhat favor,Somewhat favor,No,No concerns
10355,0.4148,Democrat,50-64,College graduate or more,Rural,Missouri,Strongly favor,Strongly favor,Somewhat oppose,Yes,Changes how the area looks
10356,1.2532,Independent,30-49,High school or less,Suburban,Texas,Strongly favor,Strongly favor,Somewhat oppose,No,Changes how the area looks
10357,0.9507,Independent,65+,High school or less,Urban,Arkansas,Somewhat favor,Somewhat favor,Somewhat favor,No,Uses too much land
10358,0.4935,Republican,50-64,College graduate or more,Suburban,Texas,Somewhat oppose,Strongly oppose,Somewhat oppose,No,Uses too much land
10359,0.8131,Democrat,30-49,Some college,Suburban,Arkansas,Somewhat favor,Somewhat favor,Strongly favor,No,No concerns
10360,0.7002,Democrat,30-49,College graduate or more,Suburban,Texas,Strongly favor,Somewhat favor,Strongly favor,No,Changes how the area looks
10361,0.5307,Independent,30-49,College graduate or more,Suburban,Arkansas,Somewhat favor,Strongly favor,Strongly favor,No,No concerns
10362,1.4233,Independent,18-29,Some college,Urban,Oklahoma,Somewhat favor,Somewhat oppose,Somewhat favor,No,Changes how the area looks
10363,1.6211,Republican,65+,High school or less,Rural,Texas,Strongly favor,Strongly oppose,Strongly oppose,No,Uses too much land
10364,2.3146,Independent,18-29,High school or less,Suburban,Texas,Strongly favor,Somewhat oppose,Strongly favor,No,Uses too much land
10365,1.6392,Democrat,30-49,High school or less,Urban,Kansas,Somewhat favor,Somewhat favor,Strongly favor,No,No concerns
10366,1.573,Republican,30-49,High school or less,Suburban,Oklahoma,Somewhat oppose,Strongly favor,Somewhat favor,No,No concerns
10367,0.4107,Democrat,65+,College graduate or more,Rural,Oklahoma,Strongly oppose,Somewhat oppose,Somewhat favor,No,Worried about property values
10368,0.8773,Democrat,30-49,Some college,Suburban,Oklahoma,Somewhat favor,Strongly favor,Somewhat oppose,No,No concerns
10369,2.0866,Republican,30-49,High school or less,Rural,Kansas,Somewhat oppose,Somewhat oppose,Somewhat oppose,Yes,Uses too much land
10370,0.4603,Democrat,65+,Some college,Suburban,Texas,Somewhat favor,Strongly favor,Strongly favor,No,No concerns
10371,0.9077,Democrat,50-64,High school or less,Urban,Texas,Somewhat favor,Somewhat favor,Strongly favor,No,No concerns
10372,0.3242,Republican,65+,College graduate or more,Urban,Texas,Strongly favor,Somewhat oppose,Strongly favor,No,Changes how the area looks
10373,1.1468,Republican,65+,High school or less,Suburban,Texas,Strongly oppose,Somewhat oppose,Strongly oppose,No,Uses too much land
10374,1.7561,Republican,18-29,Some college,Suburban,Arkansas,Strongly favor,Strongly oppose,Somewhat oppose,No,Uses too much land
10375,1.1571,Republican,30-49,High school or less,Suburban,Oklahoma,Somewhat favor,Somewhat favor,Somewhat oppose,No,Worried about property values
10376,0.6296,Republican,30-49,College graduate or more,Urban,Missouri,Somewhat favor,Somewhat oppose,Somewhat favor,No,Changes how the area looks
10377,1.3186,Democrat,30-49,High school or less,Rural,Oklahoma,Strongly favor,Strongly favor,Somewhat favor,No,No concerns
10378,0.6934,Independent,65+,High school or less,Suburban,Texas,Somewhat oppose,Somewhat favor,Somewhat oppose,Yes,No concerns
10379,0.6412,Democrat,30-49,College graduate or more,Rural,Louisiana,Strongly favor,Somewhat favor,Strongly favor,No,No concerns
10380,1.0369,Independent,18-29,College graduate or more,Urban,Oklahoma,Strongly favor,Somewhat favor,Somewhat oppose,No,No concerns
10381,1.5464,Independent,18-29,Some college,Suburban,Texas,Somewhat favor,Somewhat favor,Somewhat favor,No,No concerns
10382,0.6622,Republican,65+,Some college,Suburban,Oklahoma,Strongly oppose,Somewhat favor,Strongly oppose,No,No concerns
10383,1.5597,Republican,30-49,Some college,Rural,Texas,Strongly oppose,Somewhat favor,Somewhat favor,No,No concerns
10384,1.5811,Independent,30-49,High school or less,Suburban,Texas,Somewhat oppose,99,Somewhat favor,No,No concerns
10385,0.972,Republican,30-49,Some college,Suburban,Oklahoma,Strongly favor,Somewhat favor,Strongly oppose,No,Worried about property values
10386,1.0876,Republican,50-64,Some college,Urban,Oklahoma,Somewhat favor,Strongly favor,Strongly favor,No,Changes how the area looks
10387,2.0166,Independent,18-29,High school or less,Suburban,Texas,Strongly favor,Strongly favor,Strongly oppose,No,No concerns
10388,0.5222,Democrat,30-49,College graduate or more,Suburban,Texas,Somewhat favor,Somewhat favor,Strongly favor,No,Uses too much land
10389,1.3109,Democrat,18-29,Some college,Rural,Texas,Somewhat favor,Strongly oppose,Strongly favor,No,Uses too much land
10390,0.6226,Independent,30-49,College graduate or more,Suburban,Louisiana,Strongly favor,Strongly oppose,Strongly favor,Yes,Changes how the area looks
10391,0.71,Democrat,30-49,Some college,Urban,Texas,Strongly favor,Strongly favor,Somewhat favor,No,No concerns
10392,0.6975,Republican,30-49,College graduate or more,Urban,Texas,Somewhat oppose,Somewhat favor,Somewhat oppose,Yes,Uses too much land
10393,1.0139,Republican,18-29,College graduate or more,Suburban,Texas,Somewhat favor,Somewhat favor,Somewhat favor,No,Changes how the area looks
10394,1.5514,Republican,30-49,High school or less,Urban,Texas,Somewhat favor,Somewhat oppose,Strongly oppose,No,Uses too much land
10395,1.8727,Independent,18-29,Some college,Urban,Texas,Somewhat oppose,Somewhat favor,Somewhat favor,No,No concerns
10396,1.0194,Republican,30-49,College graduate or more,Rural,Texas,Somewhat favor,Somewhat oppose,Strongly favor,No,Uses too much land
10397,1.2876,Democrat,30-49,High school or less,Urban,Kansas,Somewhat favor,Somewhat favor,Somewhat oppose,No,No concerns
10398,1.2101,Republican,50-64,High school or less,Suburban,Louisiana,Strongly oppose,Somewhat favor,Somewhat oppose,No,Uses too much land
10399,1.4354,Independent,30-49,High school or less,Urban,Missouri,Strongly favor,Somewhat oppose,Strongly oppose,No,Uses too much land
10400,1.0089,Democrat,18-29,College graduate or more,Suburban,Texas,Strongly favor,Strongly favor,Somewhat favor,Yes,Uses too much land
10401,0.8606,Independent,65+,High school or less,Suburban,Kansas,Somewhat oppose,Somewhat favor,Somewhat oppose,No,Changes how the area looks
10402,0.4212,Democrat,65+,College graduate or more,Suburban,Louisiana,Strongly favor,Somewhat favor,Somewhat favor,No,Uses too much land
10403,0.5061,Republican,65+,College graduate or more,Rural,Texas,Strongly favor,Somewhat oppose,Strongly oppose,No,Changes how the area looks
10404,0.9755,Democrat,65+,High school or less,Urban,Texas,Strongly favor,Somewhat favor,Somewhat favor,No,Worried about property values
10405,1.1555,Republican,18-29,Some college,Suburban,Oklahoma,Strongly oppose,Somewhat favor,Somewhat oppose,Yes,No concerns
10406,1.2418,Democrat,65+,High school or less,Rural,Texas,Somewhat favor,Strongly favor,Somewhat favor,Yes,Worried about property values
10407,0.7551,Independent,30-49,College graduate or more,Rural,Kansas,Somewhat favor,Somewhat favor,Somewhat favor,No,Worried about property values
10408,0.5504,Independent,50-64,College graduate or more,Rural,Oklahoma,Strongly favor,Somewhat favor,Strongly favor,Yes,No concerns
10409,1.9915,Republican,30-49,High school or less,Suburban,Oklahoma,Somewhat oppose,Somewhat oppose,Somewhat favor,No,Changes how the area looks
10410,0.4063,Republican,65+,College graduate or more,Suburban,Texas,Strongly favor,Strongly favor,Somewhat oppose,No,Uses too much land
10411,0.7461,Democrat,18-29,College graduate or more,Suburban,Texas,Strongly favor,Strongly favor,Somewhat favor,No,Uses too much land
10412,3.1217,Republican,18-29,High school or less,Suburban,Kansas,Strongly oppose,Somewhat oppose,Somewhat oppose,No,Worried about property values
10413,0.7663,Independent,30-49,College graduate or more,Suburban,Texas,Strongly favor,Somewhat oppose,Strongly favor,Yes,Uses too much land
10414,1.2745,Democrat,18-29,Some college,Urban,Louisiana,Somewhat favor,Strongly favor,Somewhat favor,No,Changes how the area looks
10415,0.7091,Independent,65+,Some college,Rural,Texas,Strongly favor,Somewhat oppose,Somewhat oppose,No,Uses too much land
10416,1.5853,Republican,30-49,High school or less,Urban,Oklahoma,Strongly favor,Somewhat oppose,Somewhat oppose,No,Changes how the area looks
10417,1.1395,Democrat,50-64,High school or less,Rural,Texas,Somewhat favor,Strongly favor,Strongly favor,No,Changes how the area looks
10418,0.5722,Democrat,50-64,High school or less,Rural,Texas,Strongly favor,Strongly favor,Strongly oppose,Yes,No concerns
10419,1.9366,Independent,18-29,High school or less,Rural,Texas,Strongly oppose,Somewhat favor,Somewhat oppose,No,No concerns
10420,0.5218,Independent,30-49,College graduate or more,Suburban,Missouri,Somewhat favor,Strongly favor,Strongly favor,Yes,No concerns
10421,0.9712,Independent,18-29,College graduate or more,Suburban,Texas,Somewhat oppose,Strongly favor,Strongly favor,No,No concerns
10422,0.4583,Independent,50-64,College graduate or more,Suburban,Missouri,Somewhat favor,Somewhat favor,Somewhat favor,Yes,Changes how the area looks
10423,1.4916,Republican,30-49,High school or less,Urban,Louisiana,Somewhat favor,Somewhat favor,Somewhat oppose,No,Uses too much land
10424,0.675,Democrat,30-49,College graduate or more,Rural,Texas,Somewhat favor,Strongly favor,Somewhat favor,Yes,Uses too much land
10425,1.2476,Independent,50-64,High school or less,Rural,Oklahoma,Somewhat favor,Somewhat oppose,99,No,Uses too much land
10426,0.336,Democrat,65+,College graduate or more,Suburban,Kansas,Strongly favor,Strongly favor,Somewhat oppose,No,No concerns
10427,0.8357,Democrat,50-64,Some college,Urban,Texas,Somewhat favor,Somewhat oppose,Somewhat favor,No,Uses too much land
10428,0.4652,Democrat,65+,Some college,Suburban,Texas,Strongly favor,Strongly favor,Strongly favor,No,No concerns
10429,0.8864,Republican,50-64,High school or less,Suburban,Oklahoma,Strongly favor,Strongly oppose,Somewhat favor,No,Uses too much land
10430,1.675,Independent,30-49,High school or less,Urban,Texas,Strongly favor,Strongly favor,Somewhat favor,No,Worried about property values
10431,0.8893,Democrat,18-29,College graduate or more,Suburban,Arkansas,Strongly favor,Strongly favor,Somewhat favor,No,No concerns
10432,1.1483,Independent,65+,High school or less,Suburban,Kansas,Strongly favor,Somewhat oppose,Somewhat favor,No,Uses too much land
10433,0.5844,Republican,50-64,College graduate or more,Urban,Missouri,Strongly oppose,Strongly oppose,Somewhat oppose,No,Uses too much land
10434,0.7572,Democrat,30-49,Some college,Urban,Missouri,Strongly favor,Strongly favor,Strongly favor,No,No concerns
10435,0.9588,Republican,30-49,Some college,Suburban,Louisiana,Strongly favor,Somewhat oppose,Somewhat oppose,No,Doubts it is reliable
10436,0.4326,Democrat,50-64,Some college,Suburban,Missouri,Strongly favor,Somewhat favor,Somewhat favor,No,No concerns
10437,1.0988,Democrat,30-49,High school or less,Rural,Texas,Strongly favor,Strongly favor,Strongly oppose,No,No concerns
10438,0.8218,Republican,50-64,Some college,Urban,Texas,Somewhat oppose,Strongly oppose,Strongly favor,No,Uses too much land
10439,1.8129,Republican,30-49,High school or less,Rural,Missouri,Strongly oppose,99,Strongly favor,No,No concerns
10440,1.1678,Independent,50-64,High school or less,Suburban,Oklahoma,Somewhat favor,Somewhat favor,Somewhat favor,Yes,No concerns
10441,0.8105,Republican,50-64,Some college,Rural,Arkansas,Strongly favor,Somewhat oppose,Somewhat oppose,Yes,Something else
10442,1.3113,Democrat,30-49,High school or less,Urban,Arkansas,Somewhat favor,Somewhat favor,Strongly favor,No,No concerns
10443,1.2294,Independent,65+,High school or less,Rural,Oklahoma,Somewhat oppose,Somewhat favor,Somewhat oppose,Yes,No concerns
10444,0.517,Republican,65+,College graduate or more,Suburban,Texas,Somewhat favor,Somewhat favor,Somewhat oppose,No,No concerns
10445,1.2506,Republican,30-49,High school or less,Suburban,Texas,Somewhat oppose,Somewhat oppose,Somewhat oppose,Yes,Worried about property values
10446,1.7459,Republican,30-49,High school or less,Suburban,Louisiana,Somewhat favor,Strongly oppose,Somewhat oppose,No,Doubts it is reliable
10447,1.4282,Independent,18-29,Some college,Urban,Texas,Strongly favor,Somewhat favor,Somewhat favor,Yes,No concerns
10448,0.6949,Republican,50-64,Some college,Suburban,Arkansas,Strongly oppose,Somewhat oppose,Somewhat oppose,No,Something else
10449,0.4935,Republican,50-64,College graduate or more,Urban,Texas,Somewhat oppose,Somewhat oppose,Strongly favor,No,Doubts it is reliable
10450,1.0304,Independent,50-64,High school or less,Suburban,Missouri,Somewhat favor,Strongly favor,Somewhat oppose,No,No concerns
10451,1.495,Independent,30-49,High school or less,Suburban,Louisiana,Somewhat favor,Somewhat favor,Somewhat favor,No,No concerns
10452,0.5521,Independent,65+,Some college,Suburban,Texas,Strongly favor,Strongly favor,Somewhat favor,No,No concerns
10453,0.5161,Democrat,50-64,Some college,Suburban,Kansas,Strongly favor,Strongly favor,Strongly favor,No,No concerns
10454,1.3479,Democrat,30-49,High school or less,Urban,Texas,Somewhat favor,Strongly favor,Somewhat favor,Yes,No concerns
10455,0.7033,Independent,50-64,Some college,Suburban,Arkansas,Strongly favor,Somewhat favor,Somewhat favor,No,No concerns
10456,0.4694,Democrat,50-64,College graduate or more,Suburban,Missouri,Somewhat favor,Strongly favor,Strongly favor,No,Worried about property values
10457,0.8135,Democrat,18-29,College graduate or more,Urban,Missouri,Strongly favor,Strongly favor,Strongly favor,Yes,No concerns
10458,1.0097,Independent,65+,High school or less,Rural,Louisiana,Somewhat oppose,Somewhat oppose,Strongly oppose,No,Changes how the area looks
10459,1.2306,Independent,50-64,High school or less,Urban,Louisiana,Strongly favor,Strongly favor,Strongly oppose,Yes,No concerns
10460,1.5535,Democrat,18-29,Some college,Urban,Arkansas,Somewhat favor,Somewhat favor,Strongly favor,No,No concerns
10461,0.5082,Independent,65+,Some college,Urban,Texas,Somewhat favor,Strongly favor,Somewhat favor,No,Changes how the area looks
10462,0.3856,Republican,65+,College graduate or more,Suburban,Missouri,Strongly oppose,Strongly oppose,99,No,Worried about property values
10463,1.0044,Democrat,18-29,Some college,Suburban,Louisiana,Strongly favor,Somewhat favor,Somewhat favor,No,No concerns
10464,1.6252,Republican,30-49,High school or less,Suburban,Missouri,Strongly oppose,Strongly oppose,Somewhat favor,Yes,Uses too much land
10465,0.5822,Democrat,50-64,Some college,Suburban,Oklahoma,Strongly favor,Somewhat favor,Somewhat favor,No,Changes how the area looks
10466,0.4772,Independent,65+,Some college,Suburban,Kansas,Strongly favor,Somewhat oppose,Strongly favor,No,Something else
10467,0.705,Republican,30-49,College graduate or more,Urban,Oklahoma,Strongly favor,Somewhat favor,Somewhat oppose,No,No concerns
10468,1.9978,Republican,30-49,High school or less,Urban,Texas,Somewhat favor,Somewhat favor,Strongly oppose,No,No concerns
10469,0.7831,Republican,30-49,College graduate or more,Suburban,Texas,Somewhat oppose,Strongly favor,Strongly oppose,No,No concerns
10470,1.2817,Republican,30-49,High school or less,Suburban,Oklahoma,Strongly favor,Somewhat favor,Somewhat oppose,No,No concerns
10471,0.7771,Democrat,65+,High school or less,Rural,Texas,Strongly favor,Strongly oppose,Strongly favor,No,Changes how the area looks
10472,1.8126,Independent,18-29,High school or less,Rural,Oklahoma,Somewhat favor,Somewhat oppose,Strongly oppose,No,Changes how the area looks
10473,0.9494,Democrat,50-64,High school or less,Suburban,Louisiana,Somewhat favor,Somewhat favor,Somewhat favor,No,No concerns
10474,3.5725,Republican,18-29,High school or less,Urban,Kansas,Strongly oppose,Strongly oppose,Strongly oppose,Yes,Worried about property values
10475,0.7157,Democrat,30-49,College graduate or more,Rural,Arkansas,Strongly oppose,Strongly favor,99,No,No concerns
10476,1.382,Independent,30-49,Some college,Rural,Texas,Strongly favor,Somewhat favor,Somewhat favor,No,Uses too much land
10477,1.3113,Independent,18-29,Some college,Suburban,Louisiana,Strongly favor,Somewhat favor,Somewhat favor,No,No concerns
10478,1.6392,Democrat,18-29,Some college,Rural,Louisiana,Somewhat favor,Somewhat favor,Somewhat oppose,No,Changes how the area looks
10479,1.3215,Republican,18-29,Some college,Suburban,Texas,Strongly favor,Somewhat oppose,Strongly oppose,No,Uses too much land
10480,1.0788,Independent,18-29,College graduate or more,Urban,Texas,Strongly favor,Somewhat favor,Strongly favor,No,Something else
10481,0.9565,Independent,65+,High school or less,Urban,Arkansas,Strongly favor,Strongly favor,Somewhat oppose,No,No concerns
10482,0.4235,Democrat,50-64,College graduate or more,Rural,Oklahoma,Strongly favor,Strongly favor,Strongly oppose,Yes,Uses too much land
10483,0.759,Democrat,65+,High school or less,Urban,Oklahoma,Somewhat favor,Somewhat favor,Somewhat favor,No,No concerns
10484,0.5743,Republican,50-64,College graduate or more,Suburban,Texas,Somewhat oppose,Strongly oppose,Strongly oppose,No,Doubts it is reliable
10485,1.155,Republican,30-49,Some college,Rural,Louisiana,Somewhat oppose,Somewhat oppose,Strongly oppose,No,Changes how the area looks
10486,1.0588,Independent,65+,High school or less,Rural,Kansas,Strongly oppose,Somewhat oppose,Somewhat favor,Yes,Changes how the area looks
10487,1.2901,Independent,30-49,High school or less,Suburban,Texas,Somewhat favor,Somewhat favor,Somewhat favor,No,Worried about property values
10488,0.4625,Democrat,50-64,Some college,Suburban,Arkansas,Somewhat favor,Strongly favor,Somewhat favor,No,No concerns
10489,0.53,Republican,30-49,College graduate or more,Suburban,Oklahoma,Strongly favor,Somewhat oppose,Somewhat favor,Yes,Uses too much land
10490,0.7727,Democrat,30-49,College graduate or more,Rural,Missouri,Strongly favor,Somewhat favor,Somewhat favor,No,Something else
10491,0.4441,Independent,65+,Some college,Urban,Oklahoma,Somewhat favor,Strongly oppose,Somewhat oppose,No,Something else
10492,0.4555,Republican,65+,College graduate or more,Urban,Texas,Somewhat oppose,Strongly oppose,Somewhat favor,No,Doubts it is reliable
10493,0.3514,Republican,65+,College graduate or more,Suburban,Missouri,Somewhat oppose,Somewhat favor,Somewhat oppose,No,Worried about property values
10494,1.4222,Republican,30-49,High school or less,Suburban,Oklahoma,Strongly oppose,Somewhat oppose,Somewhat oppose,Yes,Uses too much land
10495,0.7206,Independent,50-64,High school or less,Urban,Texas,Strongly favor,Somewhat favor,Strongly favor,Yes,No concerns
10496,0.6486,Democrat,30-49,College graduate or more,Rural,Oklahoma,Somewhat favor,Somewhat favor,Somewhat oppose,No,No concerns
10497,0.9979,Republican,65+,High school or less,Suburban,Texas,Somewhat oppose,Somewhat oppose,Somewhat oppose,No,Changes how the area looks
10498,1.6086,Republican,30-49,High school or less,Suburban,Arkansas,Strongly favor,Somewhat favor,Somewhat oppose,No,No concerns
10499,0.7095,Democrat,18-29,College graduate or more,Urban,Kansas,Strongly favor,Somewhat favor,Somewhat favor,No,No concerns
10500,2.2125,Independent,30-49,High school or less,Urban,Texas,Strongly favor,Strongly favor,Somewhat oppose,No,Changes how the area looks
10501,0.4586,Democrat,50-64,Some college,Suburban,Louisiana,Somewhat favor,Strongly favor,Strongly favor,Yes,Something else
10502,1.8437,Democrat,18-29,High school or less,Suburban,Louisiana,Somewhat favor,Somewhat favor,Somewhat favor,Yes,Uses too much land
10503,0.8146,Republican,65+,High school or less,Urban,Louisiana,Somewhat favor,Strongly oppose,Somewhat oppose,Yes,Worried about property values
10504,0.3881,Democrat,50-64,College graduate or more,Urban,Louisiana,Strongly favor,Strongly favor,Strongly favor,No,No concerns
10505,1.2016,Republican,30-49,Some college,Urban,Texas,Somewhat favor,Somewhat favor,Somewhat favor,No,No concerns
10506,1.0418,Independent,50-64,High school or less,Suburban,Texas,Strongly favor,Somewhat favor,Somewhat favor,No,No concerns
10507,1.2603,Democrat,30-49,High school or less,Urban,Oklahoma,Somewhat oppose,Strongly favor,Strongly oppose,No,No concerns
10508,1.1727,Democrat,30-49,High school or less,Suburban,Oklahoma,Somewhat favor,Somewhat favor,Strongly favor,No,No concerns
10509,1.0404,Republican,50-64,High school or less,Rural,Texas,Strongly oppose,Strongly oppose,Somewhat favor,Yes,Changes how the area looks
10510,1.9143,Independent,18-29,High school or less,Suburban,Texas,Strongly favor,Somewhat oppose,Somewhat oppose,No,Worried about property values
10511,3.2288,Republican,18-29,High school or less,Rural,Oklahoma,Strongly favor,Somewhat oppose,Somewhat oppose,No,Worried about property values
10512,0.6676,Republican,50-64,Some college,Urban,Oklahoma,Strongly oppose,Strongly favor,Strongly favor,Yes,Something else
10513,1.379,Independent,18-29,College graduate or more,Urban,Louisiana,Somewhat favor,Somewhat favor,Strongly favor,Yes,No concerns
10514,1.0597,Independent,30-49,High school or less,Suburban,Texas,Strongly favor,Somewhat favor,Strongly favor,Yes,Something else
10515,0.4958,Republican,50-64,College graduate or more,Suburban,Texas,Strongly favor,Somewhat favor,Strongly oppose,No,No concerns
10516,0.5748,Independent,30-49,College graduate or more,Urban,Oklahoma,Somewhat favor,Strongly favor,Somewhat favor,Yes,No concerns
10517,0.3491,Democrat,65+,College graduate or more,Rural,Texas,Strongly favor,Somewhat oppose,Strongly oppose,No,Uses too much land
10518,0.8512,Independent,50-64,Some college,Rural,Texas,Strongly favor,Somewhat oppose,Strongly favor,No,Uses too much land
10519,1.9865,Independent,18-29,High school or less,Suburban,Kansas,Somewhat favor,Strongly oppose,Somewhat oppose,No,Worried about property values
10520,1.2795,Republican,30-49,Some college,Rural,Texas,Strongly favor,Strongly favor,Somewhat oppose,No,No concerns
10521,1.4293,Democrat,18-29,Some college,Suburban,Arkansas,Strongly oppose,Somewhat favor,Somewhat favor,No,No concerns
10522,1.3538,Republican,30-49,High school or less,Urban,Texas,Somewhat favor,99,Somewhat oppose,No,Something else
10523,0.5501,Democrat,65+,College graduate or more,Urban,Texas,Somewhat favor,Somewhat favor,Somewhat favor,No,No concerns
10524,0.7101,Republican,65+,Some college,Urban,Arkansas,Somewhat oppose,Somewhat oppose,Somewhat oppose,No,Worried about property values
10525,1.1388,Independent,30-49,High school or less,Suburban,Missouri,Strongly favor,Somewhat favor,Somewhat favor,No,No concerns
10526,1.2841,Independent,30-49,High school or less,Suburban,Texas,Strongly favor,Strongly oppose,Somewhat oppose,Yes,Changes how the area looks
10527,0.7016,Democrat,50-64,High school or less,Suburban,Texas,Strongly favor,Strongly favor,99,No,No concerns
10528,0.4816,Democrat,50-64,Some college,Urban,Missouri,Strongly favor,Somewhat favor,Somewhat oppose,No,No concerns
10529,1.2329,Republican,30-49,Some college,Suburban,Texas,Somewhat favor,Somewhat oppose,Strongly oppose,Yes,Something else
10530,0.8662,Democrat,30-49,Some college,Suburban,Texas,Strongly favor,Somewhat favor,Somewhat favor,No,No concerns
10531,0.7381,Democrat,30-49,Some college,Suburban,Texas,Somewhat favor,Strongly favor,Strongly favor,No,No concerns
10532,0.8257,Republican,30-49,College graduate or more,Suburban,Texas,Somewhat oppose,Somewhat oppose,Somewhat oppose,No,Uses too much land
10533,1.3071,Republican,65+,High school or less,Rural,Arkansas,Somewhat favor,Somewhat oppose,Strongly oppose,No,Doubts it is reliable
10534,0.8595,Republican,30-49,Some college,Suburban,Louisiana,Somewhat favor,Strongly oppose,Strongly oppose,Yes,Worried about property values
10535,1.0868,Independent,50-64,High school or less,Suburban,Oklahoma,Strongly favor,Somewhat favor,Strongly favor,No,Uses too much land
10536,1.7323,Democrat,30-49,High school or less,Rural,Missouri,Strongly favor,Somewhat favor,Somewhat favor,No,No concerns
10537,0.9036,Independent,50-64,High school or less,Suburban,Kansas,Somewhat oppose,Strongly oppose,99,No,Uses too much land
10538,0.4718,Independent,50-64,College graduate or more,Suburban,Texas,Somewhat oppose,Strongly oppose,Somewhat favor,No,Uses too much land
10539,0.7762,Republican,50-64,Some college,Urban,Louisiana,Somewhat favor,Strongly favor,Somewhat favor,No,Uses too much land
10540,0.5586,Republican,30-49,College graduate or more,Suburban,Texas,Somewhat favor,Strongly favor,Strongly favor,No,No concerns
10541,0.9036,Independent,65+,High school or less,Rural,Louisiana,Somewhat favor,Somewhat favor,Somewhat oppose,Yes,No concerns
10542,0.9056,Democrat,50-64,High school or less,Suburban,Texas,Strongly favor,Somewhat favor,Strongly favor,Yes,No concerns
10543,1.1164,Independent,18-29,Some college,Suburban,Texas,Somewhat favor,Somewhat oppose,Strongly oppose,No,Changes how the area looks
10544,0.918,Democrat,18-29,College graduate or more,Suburban,Missouri,Somewhat favor,Somewhat favor,Somewhat favor,Yes,Uses too much land
10545,1.2034,Republican,30-49,High school or less,Urban,Texas,Strongly oppose,Strongly oppose,Somewhat oppose,No,Doubts it is reliable
10546,1.0663,Independent,18-29,College graduate or more,Urban,Kansas,Somewhat favor,Strongly favor,Strongly favor,No,No concerns
10547,2.4861,Republican,18-29,High school or less,Rural,Arkansas,Strongly favor,Somewhat favor,Strongly favor,No,Changes how the area looks
10548,0.3746,Democrat,65+,College graduate or more,Suburban,Arkansas,Somewhat favor,Somewhat favor,Somewhat favor,No,No concerns
10549,1.585,Republican,30-49,High school or less,Urban,Arkansas,Somewhat favor,Somewhat favor,Strongly oppose,No,Something else
10550,0.4778,Democrat,30-49,College graduate or more,Suburban,Louisiana,Strongly favor,Somewhat favor,Strongly favor,No,Uses too much land
10551,0.4492,Independent,50-64,College graduate or more,Suburban,Louisiana,Somewhat favor,Somewhat favor,99,No,No concerns
10552,1.6023,Republican,30-49,High school or less,Suburban,Texas,Somewhat favor,Somewhat oppose,Strongly oppose,No,Worried about property values
10553,0.3555,Republican,50-64,College graduate or more,Suburban,Arkansas,Somewhat oppose,Somewhat favor,Strongly oppose,No,Changes how the area looks
10554,0.547,Democrat,50-64,College graduate or more,Suburban,Arkansas,Strongly favor,Strongly favor,Strongly favor,No,No concerns
10555,0.7003,Independent,65+,High school or less,Suburban,Louisiana,Somewhat oppose,Somewhat favor,Somewhat favor,No,Uses too much land
10556,0.6935,Democrat,30-49,Some college,Suburban,Texas,Somewhat favor,Somewhat favor,Somewhat favor,No,No concerns
10557,0.9557,Democrat,30-49,High school or less,Suburban,Louisiana,Strongly favor,Somewhat favor,Somewhat favor,Yes,No concerns
10558,0.3887,Independent,50-64,College graduate or more,Suburban,Texas,Somewhat oppose,Somewhat oppose,Somewhat favor,No,Changes how the area looks
10559,1.3913,Democrat,18-29,Some college,Suburban,Louisiana,Strongly favor,Somewhat favor,Somewhat oppose,No,Something else
10560,1.8343,Democrat,18-29,High school or less,Suburban,Texas,Somewhat favor,Strongly favor,Somewhat favor,No,No concerns
10561,0.7248,Independent,18-29,College graduate or more,Suburban,Louisiana,Somewhat favor,Strongly favor,Strongly favor,No,No concerns
10562,0.7828,Republican,50-64,Some college,Suburban,Oklahoma,Somewhat favor,Strongly oppose,Strongly oppose,No,Something else
10563,1.0557,Republican,30-49,Some college,Suburban,Texas,Somewhat favor,Strongly favor,Somewhat oppose,No,No concerns
10564,0.7388,Democrat,30-49,Some college,Suburban,Oklahoma,Somewhat favor,Strongly favor,Somewhat favor,No,Something else
10565,1.4595,Republican,18-29,Some college,Suburban,Missouri,Somewhat favor,Strongly favor,Strongly oppose,No,Uses too much land
10566,1.0914,Republican,30-49,Some college,Suburban,Texas,Somewhat favor,Strongly oppose,Somewhat oppose,No,Changes how the area looks
10567,3.0121,Independent,18-29,High school or less,Suburban,Texas,Somewhat oppose,Somewhat favor,Somewhat favor,No,No concerns
10568,0.6849,Democrat,30-49,Some college,Suburban,Texas,Somewhat favor,Strongly favor,Somewhat favor,Yes,No concerns
10569,0.338,Republican,65+,College graduate or more,Suburban,Texas,Somewhat favor,Somewhat oppose,Somewhat oppose,No,Doubts it is reliable
10570,1.0784,Republican,30-49,Some college,Suburban,Texas,Strongly favor,Strongly oppose,Somewhat oppose,Yes,Worried about property values
10571,0.6628,Democrat,50-64,Some college,Urban,Oklahoma,Strongly favor,Strongly favor,Somewhat favor,Yes,No concerns
10572,0.6794,Democrat,65+,Some college,Urban,Kansas,Strongly favor,Somewhat favor,99,No,No concerns
10573,0.6556,Democrat,65+,High school or less,Suburban,Missouri,Strongly favor,Strongly oppose,Somewhat favor,No,Uses too much land
10574,1.0079,Independent,18-29,College graduate or more,Urban,Texas,Strongly favor,Strongly favor,Strongly favor,No,Uses too much land
10575,0.5453,Republican,65+,College graduate or more,Suburban,Missouri,Somewhat oppose,Strongly oppose,Somewhat favor,No,Changes how the area looks
10576,1.1534,Democrat,18-29,Some college,Urban,Missouri,Somewhat favor,Somewhat favor,Strongly favor,No,No concerns
10577,0.4193,Republican,50-64,College graduate or more,Suburban,Texas,Strongly favor,Somewhat favor,Somewhat oppose,No,Uses too much land
10578,0.7387,Republican,30-49,College graduate or more,Suburban,Texas,Strongly favor,Strongly oppose,Somewhat oppose,No,Worried about property values
10579,0.6108,Independent,65+,Some college,Urban,Texas,Somewhat favor,Somewhat favor,Strongly favor,No,No concerns
10580,0.4082,Independent,65+,College graduate or more,Suburban,Texas,Strongly favor,Strongly oppose,Somewhat favor,No,Changes how the area looks
10581,2.1297,Republican,18-29,High school or less,Suburban,Louisiana,Strongly oppose,99,Somewhat oppose,No,No concerns
10582,1.185,Independent,30-49,High school or less,Urban,Arkansas,Strongly favor,Somewhat favor,Strongly favor,Yes,Uses too much land
10583,1.6592,Republican,18-29,Some college,Urban,Kansas,Somewhat oppose,Somewhat oppose,Strongly oppose,No,Changes how the area looks
10584,0.3827,Republican,65+,College graduate or more,Urban,Texas,Strongly favor,Strongly favor,Strongly oppose,No,Something else
10585,0.6045,Independent,65+,High school or less,Suburban,Texas,Strongly favor,Somewhat favor,99,Yes,Changes how the area looks
10586,0.7303,Democrat,30-49,College graduate or more,Urban,Oklahoma,Somewhat favor,Strongly favor,Strongly favor,No,No concerns
10587,1.1939,Republican,50-64,High school or less,Suburban,Kansas,Somewhat oppose,Somewhat oppose,Somewhat favor,No,Changes how the area looks
10588,0.7031,Independent,30-49,College graduate or more,Rural,Texas,Strongly favor,Strongly oppose,Somewhat oppose,Yes,Worried about property values
10589,0.4064,Democrat,30-49,College graduate or more,Suburban,Texas,Somewhat favor,99,Strongly favor,No,No concerns
10590,0.6431,Independent,50-64,Some college,Suburban,Texas,Somewhat oppose,Somewhat favor,Somewhat favor,No,No concerns
10591,0.4379,Republican,50-64,College graduate or more,Suburban,Texas,Somewhat favor,Somewhat favor,Somewhat oppose,Yes,No concerns
10592,0.65,Republican,65+,Some college,Urban,Arkansas,Somewhat oppose,Strongly favor,Strongly oppose,No,Uses too much land
10593,1.4331,Independent,50-64,High school or less,Rural,Texas,Strongly favor,Strongly oppose,Strongly favor,No,Changes how the area looks
10594,0.8496,Republican,50-64,Some college,Rural,Missouri,Strongly favor,Somewhat favor,Strongly oppose,Yes,No concerns
10595,0.5644,Republican,65+,Some college,Urban,Texas,Somewhat oppose,Somewhat oppose,Somewhat oppose,No,Worried about property values
10596,0.9293,Republican,30-49,College graduate or more,Urban,Texas,Strongly favor,Somewhat oppose,Somewhat favor,No,Uses too much land
10597,1.0106,Republican,50-64,High school or less,Suburban,Louisiana,Somewhat oppose,Somewhat oppose,Somewhat oppose,Yes,Uses too much land
10598,1.2223,Democrat,30-49,High school or less,Suburban,Texas,Somewhat favor,Somewhat favor,Somewhat favor,No,No concerns
10599,0.9292,Republican,65+,High school or less,Suburban,Texas,Somewhat oppose,Strongly favor,99,Yes,No concerns
10600,1.2557,Republican,50-64,High school or less,Rural,Texas,Strongly oppose,Somewhat oppose,Somewhat oppose,No,Uses too much land
10601,0.9633,Democrat,18-29,College graduate or more,Rural,Kansas,Strongly favor,Somewhat favor,Strongly oppose,No,No concerns
10602,0.5524,Republican,50-64,College graduate or more,Suburban,Texas,Somewhat favor,Somewhat oppose,Somewhat oppose,Yes,Uses too much land
10603,0.8304,Democrat,18-29,College graduate or more,Suburban,Missouri,Strongly favor,Strongly favor,Somewhat favor,No,No concerns
10604,0.6281,Democrat,50-64,Some college,Urban,Oklahoma,Somewhat favor,Somewhat favor,Somewhat favor,No,No concerns
10605,0.5088,Republican,65+,Some college,Suburban,Arkansas,Strongly favor,Somewhat favor,Somewhat favor,No,Something else
10606,0.4611,Republican,50-64,College graduate or more,Suburban,Texas,Somewhat favor,Somewhat oppose,Somewhat oppose,No,Changes how the area looks
10607,2.1738,Republican,30-49,High school or less,Rural,Oklahoma,Strongly favor,Somewhat oppose,Somewhat oppose,No,Something else
10608,0.9291,Independent,18-29,College graduate or more,Urban,Oklahoma,Strongly favor,Strongly favor,Somewhat favor,No,No concerns
10609,0.4018,Independent,50-64,College graduate or more,Suburban,Kansas,Somewhat oppose,Strongly favor,Somewhat favor,No,No concerns
10610,1.0302,Democrat,30-49,High school or less,Suburban,Oklahoma,Somewhat favor,Strongly oppose,Strongly oppose,No,Worried about property values
10611,0.8248,Republican,50-64,High school or less,Urban,Missouri,Somewhat oppose,Strongly favor,Somewhat oppose,No,No concerns
10612,1.0199,Republican,30-49,Some college,Suburban,Arkansas,Strongly favor,Somewhat favor,Strongly oppose,No,No concerns
10613,0.5937,Republican,65+,Some college,Urban,Missouri,Strongly favor,Somewhat oppose,Somewhat oppose,Yes,Uses too much land
10614,0.8036,Democrat,65+,High school or less,Suburban,Missouri,Strongly favor,Somewhat favor,Somewhat favor,No,Something else
10615,2.1613,Independent,18-29,High school or less,Suburban,Oklahoma,Somewhat favor,Strongly favor,Somewhat oppose,No,Changes how the area looks
10616,0.664,Independent,30-49,College graduate or more,Suburban,Oklahoma,Strongly favor,Somewhat favor,Strongly favor,No,Uses too much land
10617,1.9435,Republican,30-49,High school or less,Rural,Texas,Somewhat oppose,Strongly favor,Somewhat oppose,No,Changes how the area looks
10618,0.4491,Republican,30-49,College graduate or more,Suburban,Missouri,Strongly favor,99,Strongly favor,No,No concerns
10619,0.8543,Independent,65+,High school or less,Urban,Kansas,Strongly oppose,Somewhat oppose,Somewhat oppose,No,Doubts it is reliable
10620,1.0002,Democrat,30-49,Some college,Urban,Texas,Somewhat favor,Somewhat favor,Somewhat favor,No,No concerns
10621,2.24,Independent,18-29,High school or less,Urban,Texas,Somewhat favor,Strongly oppose,Strongly favor,No,Uses too much land
10622,0.6412,Republican,30-49,College graduate or more,Suburban,Texas,Somewhat favor,Somewhat favor,Somewhat favor,No,No concerns
10623,0.788,Independent,65+,High school or less,Suburban,Missouri,Strongly favor,Somewhat favor,99,No,No concerns
10624,0.4361,Independent,30-49,College graduate or more,Urban,Texas,Somewhat favor,Somewhat oppose,Strongly favor,No,Worried about property values
10625,0.6569,Independent,65+,Some college,Urban,Oklahoma,Strongly favor,Somewhat favor,Somewhat favor,No,Something else
10626,1.154,Independent,65+,High school or less,Rural,Texas,Somewhat favor,Somewhat oppose,Strongly oppose,No,Worried about property values
10627,0.9423,Democrat,65+,High school or less,Suburban,Kansas,Somewhat oppose,Somewhat oppose,Strongly favor,No,Uses too much land
10628,0.3341,Democrat,65+,College graduate or more,Suburban,Kansas,Somewhat favor,Strongly favor,Somewhat favor,Yes,No concerns
10629,0.9357,Independent,50-64,High school or less,Urban,Missouri,Strongly oppose,Somewhat oppose,Somewhat favor,No,Worried about property values
10630,0.4247,Independent,65+,College graduate or more,Rural,Texas,Strongly favor,Strongly favor,Somewhat oppose,Yes,No concerns
10631,0.9976,Democrat,30-49,High school or less,Urban,Oklahoma,Somewhat favor,Strongly favor,Somewhat favor,No,No concerns
10632,0.9054,Democrat,18-29,College graduate or more,Urban,Arkansas,Strongly favor,Somewhat favor,Somewhat favor,Yes,No concerns
10633,1.7336,Republican,30-49,High school or less,Suburban,Kansas,Strongly oppose,Somewhat favor,Strongly oppose,No,No concerns
10634,0.9309,Independent,50-64,High school or less,Suburban,Texas,Somewhat oppose,99,Somewhat oppose,No,No concerns
10635,1.3999,Republican,30-49,High school or less,Urban,Oklahoma,Strongly favor,Somewhat favor,Somewhat favor,No,No concerns
10636,0.7731,Independent,65+,Some college,Rural,Oklahoma,Strongly favor,Somewhat favor,Strongly oppose,Yes,No concerns
10637,1.246,Republican,65+,High school or less,Suburban,Texas,Strongly favor,Somewhat oppose,Strongly favor,No,Worried about property values
10638,0.8447,Democrat,30-49,Some college,Suburban,Texas,Strongly favor,Strongly favor,Somewhat favor,No,Worried about property values
10639,0.9652,Democrat,30-49,High school or less,Urban,Missouri,Somewhat favor,Strongly favor,Strongly favor,No,Worried about property values
10640,0.7226,Republican,50-64,Some college,Suburban,Arkansas,Strongly favor,Strongly oppose,Somewhat oppose,No,Uses too much land
10641,0.9926,Independent,30-49,Some college,Suburban,Kansas,Somewhat favor,Strongly oppose,Strongly favor,No,Uses too much land
10642,1.2264,Republican,30-49,Some college,Rural,Texas,Strongly oppose,Strongly oppose,Somewhat oppose,No,Changes how the area looks
10643,1.2027,Republican,50-64,High school or less,Rural,Missouri,Strongly oppose,Somewhat favor,Somewhat oppose,No,No concerns
10644,0.8674,Independent,30-49,Some college,Suburban,Texas,Somewhat favor,Somewhat oppose,Somewhat oppose,No,Uses too much land
10645,1.1953,Republican,50-64,High school or less,Suburban,Oklahoma,Somewhat favor,Somewhat oppose,Strongly favor,No,Uses too much land
10646,1.2258,Democrat,30-49,High school or less,Suburban,Arkansas,Somewhat favor,Strongly oppose,Strongly favor,No,Doubts it is reliable
10647,0.9571,Democrat,18-29,College graduate or more,Urban,Missouri,Strongly favor,Strongly favor,Somewhat favor,No,Changes how the area looks
10648,1.584,Democrat,30-49,High school or less,Rural,Oklahoma,Strongly favor,Somewhat oppose,Strongly favor,No,Changes how the area looks
10649,0.6232,Independent,50-64,Some college,Suburban,Kansas,Somewhat oppose,Strongly favor,Somewhat favor,No,No concerns
10650,0.7736,Democrat,50-64,High school or less,Suburban,Texas,Strongly favor,99,Somewhat oppose,No,No concerns
10651,2.7348,Republican,18-29,High school or less,Suburban,Arkansas,Strongly favor,Somewhat oppose,Strongly oppose,No,Worried about property values
10652,0.9058,Independent,50-64,Some college,Urban,Oklahoma,Strongly oppose,Somewhat favor,Somewhat favor,No,Something else
10653,0.4291,Democrat,50-64,Some college,Suburban,Texas,Somewhat favor,Somewhat favor,Strongly favor,No,Changes how the area looks
10654,1.2097,Democrat,50-64,High school or less,Urban,Louisiana,Strongly favor,99,Strongly favor,No,No concerns
10655,0.6417,Republican,50-64,Some college,Suburban,Oklahoma,Somewhat favor,Strongly oppose,Somewhat favor,No,Something else
10656,0.8926,Independent,50-64,High school or less,Urban,Texas,Somewhat favor,Strongly oppose,Strongly favor,No,Worried about property values
10657,1.8777,Republican,30-49,High school or less,Urban,Missouri,Somewhat oppose,Strongly oppose,Somewhat oppose,No,Changes how the area looks
10658,0.5653,Independent,30-49,College graduate or more,Suburban,Texas,Somewhat favor,Somewhat favor,Somewhat favor,No,No concerns
10659,2.8174,Independent,18-29,High school or less,Urban,Texas,Strongly favor,Strongly favor,Somewhat favor,No,No concerns
10660,2.0206,Independent,30-49,High school or less,Rural,Texas,Somewhat oppose,Somewhat favor,Somewhat oppose,Yes,Something else
10661,1.3548,Republican,18-29,Some college,Suburban,Arkansas,Strongly favor,Somewhat oppose,Strongly oppose,No,Changes how the area looks
10662,1.1355,Republican,18-29,College graduate or more,Suburban,Texas,Strongly favor,Somewhat oppose,Somewhat oppose,No,Uses too much land
10663,1.1233,Republican,30-49,Some college,Suburban,Arkansas,Somewhat oppose,Strongly oppose,Somewhat favor,No,Worried about property values
10664,0.5812,Democrat,30-49,College graduate or more,Rural,Texas,Strongly favor,Strongly favor,Somewhat favor,Yes,Changes how the area looks
10665,1.3304,Independent,18-29,Some college,Suburban,Oklahoma,Strongly favor,Strongly favor,Somewhat favor,No,Something else
10666,1.0848,Democrat,30-49,Some college,Suburban,Texas,Somewhat favor,Somewhat favor,Somewhat favor,No,Something else
10667,0.4597,Independent,65+,Some college,Urban,Kansas,Somewhat oppose,Somewhat favor,Strongly oppose,No,No concerns
10668,0.8438,Republican,50-64,Some college,Suburban,Texas,Somewhat favor,Somewhat favor,Somewhat oppose,No,Something else
10669,0.3765,Democrat,50-64,College graduate or more,Suburban,Texas,Strongly favor,Somewhat favor,Somewhat oppose,Yes,No concerns
10670,0.5048,Republican,65+,College graduate or more,Urban,Oklahoma,Strongly oppose,Somewhat favor,Somewhat favor,No,Worried about property values
10671,0.9217,Republican,30-49,Some college,Urban,Oklahoma,Strongly favor,Somewhat oppose,Somewhat oppose,Yes,Uses too much land
10672,1.6713,Republican,18-29,Some college,Urban,Oklahoma,Somewhat favor,Somewhat oppose,Strongly favor,No,Changes how the area looks
10673,1.1413,Republican,65+,High school or less,Urban,Arkansas,Strongly oppose,Somewhat oppose,Strongly oppose,No,Something else
10674,0.704,Democrat,65+,Some college,Urban,Arkansas,Strongly favor,Strongly favor,Somewhat favor,No,Worried about property values
10675,1.041,Independent,50-64,High school or less,Suburban,Texas,Somewhat favor,Somewhat favor,Somewhat favor,Yes,Something else
10676,1.0146,Republican,50-64,High school or less,Suburban,Texas,Strongly favor,99,Somewhat favor,No,No concerns
10677,1.7976,Independent,30-49,High school or less,Suburban,Oklahoma,Somewhat oppose,Somewhat favor,Somewhat oppose,No,Uses too much land
10678,0.7981,Independent,30-49,Some college,Suburban,Kansas,Somewhat oppose,Somewhat favor,99,No,Worried about property values
10679,1.4289,Independent,50-64,High school or less,Rural,Texas,Strongly favor,Strongly favor,Somewhat oppose,No,No concerns
10680,1.9584,Republican,30-49,High school or less,Suburban,Oklahoma,Somewhat oppose,Strongly oppose,Strongly oppose,No,Doubts it is reliable
10681,0.4068,Independent,50-64,College graduate or more,Suburban,Louisiana,Strongly favor,Strongly favor,Somewhat oppose,No,No concerns
10682,1.0278,Independent,50-64,High school or less,Suburban,Missouri,Strongly favor,Strongly oppose,Strongly oppose,No,Uses too much land
10683,2.0725,Republican,30-49,High school or less,Rural,Texas,Somewhat oppose,Somewhat oppose,Strongly oppose,No,Uses too much land
10684,1.4472,Republican,30-49,High school or less,Suburban,Louisiana,Somewhat favor,Somewhat favor,Somewhat favor,No,No concerns
10685,1.2381,Republican,30-49,High school or less,Suburban,Louisiana,Strongly favor,Strongly favor,Strongly oppose,No,No concerns
10686,0.7094,Democrat,50-64,Some college,Suburban,Oklahoma,Somewhat favor,Strongly favor,Somewhat favor,Yes,No concerns
10687,1.7798,Democrat,30-49,High school or less,Urban,Texas,Strongly favor,Strongly favor,Somewhat favor,No,Uses too much land
10688,1.0084,Independent,65+,High school or less,Urban,Texas,Somewhat favor,Somewhat favor,Strongly favor,No,No concerns
10689,0.5929,Democrat,50-64,Some college,Suburban,Oklahoma,Somewhat favor,Somewhat favor,Strongly favor,No,No concerns
10690,0.4155,Independent,50-64,College graduate or more,Urban,Louisiana,Somewhat oppose,Somewhat oppose,Strongly oppose,No,Worried about property values
10691,2.2069,Republican,18-29,High school or less,Suburban,Arkansas,Strongly oppose,Somewhat oppose,99,No,Uses too much land
10692,0.3873,Democrat,65+,College graduate or more,Rural,Texas,Strongly favor,Somewhat favor,Somewhat favor,No,No concerns
10693,0.2264,Democrat,65+,College graduate or more,Urban,Texas,Somewhat favor,Somewhat favor,Somewhat favor,No,Changes how the area looks
10694,0.8032,Independent,65+,High school or less,Urban,Texas,Strongly oppose,Somewhat favor,Somewhat oppose,No,No concerns
10695,0.3549,Republican,65+,College graduate or more,Urban,Kansas,Strongly favor,Strongly favor,Somewhat favor,No,No concerns
10696,1.2478,Democrat,18-29,Some college,Suburban,Oklahoma,Somewhat favor,Strongly favor,Somewhat favor,No,No concerns
10697,0.6293,Democrat,30-49,Some college,Suburban,Texas,Somewhat favor,Strongly favor,Somewhat favor,Yes,Worried about property values
10698,0.7683,Democrat,30-49,Some college,Rural,Oklahoma,Strongly favor,Strongly favor,Somewhat favor,No,Uses too much land
10699,0.3045,Democrat,50-64,College graduate or more,Suburban,Texas,Strongly favor,99,Strongly favor,No,No concerns
10700,3.1918,Democrat,18-29,High school or less,Rural,Texas,Strongly favor,Somewhat favor,Strongly favor,No,Uses too much land
10701,0.5012,Independent,30-49,College graduate or more,Suburban,Texas,Somewhat favor,Strongly favor,Strongly favor,No,Uses too much land
10702,1.0579,Independent,30-49,Some college,Suburban,Kansas,Somewhat favor,Somewhat favor,Somewhat favor,Yes,Changes how the area looks
10703,0.6927,Democrat,30-49,College graduate or more,Urban,Missouri,Strongly oppose,Strongly favor,Somewhat favor,No,No concerns
10704,0.8786,Democrat,18-29,College graduate or more,Suburban,Texas,Strongly favor,Somewhat oppose,Somewhat favor,No,Changes how the area looks
10705,1.6787,Republican,30-49,High school or less,Urban,Arkansas,Strongly favor,Strongly favor,Somewhat favor,Yes,No concerns
10706,1.7159,Republican,18-29,High school or less,Suburban,Texas,Somewhat favor,Strongly oppose,Strongly favor,No,Changes how the area looks
10707,0.3937,Democrat,30-49,College graduate or more,Suburban,Texas,Strongly favor,Somewhat favor,Somewhat favor,No,No concerns
10708,0.5186,Democrat,65+,High school or less,Suburban,Texas,Strongly favor,Strongly oppose,Somewhat oppose,No,Doubts it is reliable
10709,0.2992,Democrat,50-64,College graduate or more,Suburban,Texas,Somewhat favor,Somewhat favor,Somewhat favor,No,No concerns
10710,1.1019,Republican,65+,High school or less,Urban,Oklahoma,Strongly favor,Somewhat favor,Somewhat oppose,No,No concerns
10711,1.4109,Independent,18-29,Some college,Urban,Oklahoma,Strongly favor,Strongly favor,Strongly favor,No,Something else
10712,1.3151,Independent,50-64,High school or less,Rural,Texas,Somewhat favor,Somewhat oppose,Somewhat oppose,No,Something else
10713,0.5776,Democrat,30-49,College graduate or more,Suburban,Oklahoma,Somewhat favor,Somewhat favor,Strongly favor,No,Uses too much land
10714,1.4028,Independent,18-29,Some college,Suburban,Missouri,Strongly favor,Somewhat oppose,Strongly oppose,No,Uses too much land
10715,0.8314,Independent,30-49,Some college,Urban,Texas,Somewhat favor,Somewhat favor,Strongly favor,Yes,No concerns
10716,0.5696,Republican,65+,Some college,Suburban,Kansas,Somewhat favor,Somewhat favor,Strongly oppose,No,Worried about property values
10717,0.3982,Republican,50-64,College graduate or more,Suburban,Kansas,Somewhat favor,Somewhat favor,Strongly oppose,No,Something else
10718,1.5629,Republican,30-49,High school or less,Urban,Texas,Somewhat favor,Somewhat favor,Strongly favor,No,Something else
10719,0.4346,Republican,65+,College graduate or more,Suburban,Louisiana,Somewhat favor,Somewhat oppose,Strongly oppose,Yes,Something else
10720,1.5743,Democrat,18-29,Some college,Rural,Texas,Strongly favor,Somewhat favor,Strongly favor,No,No concerns
10721,0.8653,Republican,30-49,College graduate or more,Rural,Texas,Somewhat oppose,Somewhat oppose,Strongly oppose,No,Doubts it is reliable
10722,0.405,Independent,65+,College graduate or more,Suburban,Oklahoma,Strongly oppose,Strongly favor,Somewhat oppose,No,Worried about property values
10723,0.7473,Independent,65+,Some college,Rural,Texas,Strongly favor,Strongly oppose,Strongly oppose,No,Something else
10724,0.3502,Republican,50-64,College graduate or more,Suburban,Arkansas,Strongly favor,Strongly favor,Somewhat favor,No,No concerns
10725,0.7335,Independent,50-64,Some college,Urban,Arkansas,Somewhat oppose,Somewhat oppose,Somewhat favor,No,Uses too much land
10726,0.6427,Independent,50-64,Some college,Suburban,Texas,Strongly favor,Somewhat oppose,Somewhat oppose,No,Uses too much land
10727,1.133,Republican,50-64,High school or less,Suburban,Texas,Somewhat favor,Somewhat favor,Strongly favor,No,Worried about property values
10728,1.5776,Democrat,30-49,High school or less,Rural,Louisiana,Strongly favor,Somewhat favor,Somewhat favor,No,Changes how the area looks
10729,0.7629,Democrat,50-64,High school or less,Urban,Louisiana,Strongly favor,Strongly oppose,Strongly oppose,No,Changes how the area looks
10730,0.7831,Republican,65+,High school or less,Suburban,Oklahoma,Somewhat favor,Strongly oppose,Somewhat oppose,No,Uses too much land
10731,1.1446,Republican,50-64,High school or less,Urban,Arkansas,Somewhat oppose,Somewhat oppose,Somewhat favor,No,Doubts it is reliable
10732,1.0552,Independent,30-49,Some college,Suburban,Kansas,Strongly favor,Somewhat favor,Strongly favor,Yes,No concerns
10733,1.0153,Democrat,30-49,High school or less,Suburban,Louisiana,Strongly favor,Somewhat oppose,Strongly favor,No,Something else
10734,1.4333,Democrat,30-49,High school or less,Suburban,Texas,Somewhat favor,Strongly favor,Somewhat favor,No,Uses too much land
10735,3.1373,Republican,18-29,High school or less,Suburban,Texas,Strongly oppose,Strongly favor,Somewhat oppose,No,Something else
10736,0.7955,Republican,50-64,Some college,Urban,Arkansas,Strongly oppose,Somewhat favor,Somewhat favor,No,No concerns
10737,0.443,Democrat,50-64,College graduate or more,Urban,Arkansas,Strongly favor,Strongly favor,Somewhat favor,Yes,No concerns
10738,1.0416,Republican,50-64,High school or less,Urban,Texas,Somewhat favor,Somewhat favor,Somewhat favor,No,No concerns
10739,0.5448,Independent,50-64,Some college,Suburban,Arkansas,Strongly favor,Somewhat favor,Somewhat oppose,No,Uses too much land
10740,0.5835,Democrat,65+,Some college,Urban,Louisiana,Strongly oppose,Strongly favor,Somewhat favor,Yes,Uses too much land
10741,0.5655,Democrat,65+,High school or less,Urban,Texas,Strongly favor,Strongly favor,Somewhat favor,Yes,No concerns
10742,0.8982,Republican,65+,High school or less,Urban,Louisiana,Strongly favor,Somewhat oppose,Somewhat oppose,No,Worried about property values
10743,0.7909,Independent,30-49,College graduate or more,Urban,Arkansas,Strongly favor,Somewhat oppose,Strongly favor,No,Changes how the area looks
10744,1.2361,Democrat,18-29,Some college,Urban,Texas,Strongly favor,Somewhat favor,Somewhat favor,No,Something else
10745,0.6451,Independent,30-49,College graduate or more,Suburban,Kansas,Somewhat favor,Strongly favor,99,No,Worried about property values
10746,1.2815,Democrat,30-49,High school or less,Urban,Louisiana,Strongly favor,Somewhat favor,Strongly favor,No,Uses too much land
10747,1.4077,Democrat,30-49,High school or less,Suburban,Texas,Somewhat favor,Somewhat favor,Strongly favor,No,No concerns
10748,0.5734,Independent,30-49,College graduate or more,Urban,Louisiana,Somewhat favor,Strongly oppose,Strongly favor,No,Doubts it is reliable
10749,0.6439,Independent,30-49,Some college,Suburban,Arkansas,Strongly favor,99,Somewhat favor,No,Something else
10750,1.0441,Independent,50-64,High school or less,Urban,Kansas,Strongly favor,Somewhat favor,Somewhat favor,No,No concerns
10751,0.622,Democrat,30-49,Some college,Suburban,Texas,Strongly favor,Somewhat oppose,Strongly favor,No,Something else
10752,2.1815,Independent,18-29,High school or less,Suburban,Oklahoma,Somewhat favor,Somewhat oppose,Strongly favor,No,Uses too much land
10753,0.7807,Democrat,18-29,College graduate or more,Suburban,Texas,Strongly favor,Somewhat favor,Strongly favor,Yes,Uses too much land
10754,1.4386,Republican,30-49,Some college,Rural,Texas,Strongly oppose,Strongly favor,Somewhat oppose,Yes,No concerns
10755,1.5103,Independent,30-49,High school or less,Suburban,Texas,Strongly favor,Somewhat favor,Somewhat oppose,No,Changes how the area looks
10756,1.6594,Independent,30-49,High school or less,Rural,Louisiana,Somewhat oppose,Somewhat favor,Somewhat oppose,No,Worried about property values
10757,0.5454,Independent,50-64,College graduate or more,Suburban,Missouri,Strongly favor,Somewhat oppose,Strongly favor,No,Uses too much land
10758,1.1204,Republican,65+,High school or less,Suburban,Louisiana,Strongly oppose,Strongly favor,Somewhat oppose,No,No concerns
10759,0.4785,Republican,50-64,College graduate or more,Rural,Louisiana,Somewhat favor,Somewhat favor,Somewhat oppose,No,Worried about property values
10760,1.5457,Independent,30-49,High school or less,Suburban,Texas,Strongly favor,Somewhat favor,Somewhat favor,Yes,Uses too much land
10761,0.6531,Democrat,65+,Some college,Urban,Texas,Strongly favor,Somewhat favor,Strongly favor,Yes,No concerns
10762,0.6162,Independent,50-64,College graduate or more,Suburban,Oklahoma,Strongly favor,Somewhat favor,Somewhat oppose,No,Something else
10763,0.5156,Democrat,65+,Some college,Suburban,Arkansas,Somewhat favor,Somewhat favor,Somewhat favor,Yes,Changes how the area looks
10764,1.4238,Republican,30-49,High school or less,Suburban,Louisiana,Somewhat oppose,Somewhat oppose,Strongly oppose,No,Uses too much land
10765,0.5507,Democrat,30-49,College graduate or more,Suburban,Oklahoma,Strongly favor,Somewhat favor,Somewhat favor,No,No concerns
10766,0.9479,Republican,18-29,College graduate or more,Urban,Oklahoma,Somewhat favor,Somewhat favor,Somewhat oppose,Yes,No concerns
10767,0.9447,Democrat,18-29,College graduate or more,Urban,Arkansas,Somewhat favor,Strongly favor,Somewhat favor,Yes,Worried about property values
10768,0.9319,Republican,30-49,Some college,Suburban,Oklahoma,Somewhat favor,Somewhat oppose,Somewhat favor,No,Uses too much land
10769,1.7081,Republican,18-29,High school or less,Suburban,Texas,Somewhat oppose,Strongly oppose,Strongly oppose,No,Worried about property values
10770,0.8095,Democrat,18-29,College graduate or more,Suburban,Texas,Strongly favor,Somewhat favor,99,Yes,Uses too much land
10771,2.273,Republican,18-29,High school or less,Suburban,Missouri,Somewhat favor,Strongly oppose,Somewhat oppose,No,Uses too much land
10772,0.6929,Independent,30-49,Some college,Suburban,Louisiana,Somewhat favor,Strongly favor,Somewhat oppose,No,No concerns
10773,0.6437,Republican,65+,Some college,Suburban,Texas,Strongly oppose,Somewhat oppose,Somewhat oppose,No,Changes how the area looks
10774,0.4186,Independent,50-64,College graduate or more,Suburban,Arkansas,Strongly favor,Somewhat favor,Somewhat favor,No,No concerns
10775,1.1372,Republican,18-29,Some college,Suburban,Texas,Somewhat favor,Somewhat favor,Somewhat favor,No,Worried about property values
10776,0.9802,Independent,18-29,College graduate or more,Urban,Kansas,Strongly favor,Somewhat favor,Strongly favor,Yes,No concerns
10777,0.5212,Democrat,30-49,College graduate or more,Suburban,Oklahoma,Somewhat favor,Somewhat favor,Strongly favor,No,No concerns
10778,1.2416,Democrat,30-49,High school or less,Suburban,Texas,Somewhat favor,Somewhat favor,Strongly favor,No,No concerns
10779,0.4711,Republican,65+,College graduate or more,Suburban,Oklahoma,Strongly favor,Strongly favor,Strongly oppose,No,Changes how the area looks
10780,0.4777,Democrat,30-49,College graduate or more,Suburban,Texas,Somewhat favor,Somewhat favor,Strongly favor,No,No concerns
10781,1.3011,Democrat,30-49,High school or less,Urban,Oklahoma,Somewhat favor,Somewhat favor,Strongly favor,No,No concerns
10782,0.8504,Independent,50-64,High school or less,Suburban,Texas,Strongly favor,Somewhat favor,99,Yes,Something else
10783,0.4864,Republican,50-64,Some college,Suburban,Missouri,Strongly oppose,Somewhat favor,Strongly favor,No,Changes how the area looks
10784,0.6986,Democrat,50-64,Some college,Suburban,Texas,Strongly favor,Somewhat favor,Strongly favor,No,Uses too much land
10785,0.9254,Independent,50-64,Some college,Urban,Louisiana,Strongly favor,Strongly favor,Somewhat oppose,No,No concerns
10786,0.5062,Independent,65+,College graduate or more,Rural,Texas,Strongly favor,Strongly favor,Somewhat oppose,No,Changes how the area looks
10787,0.5463,Democrat,50-64,Some college,Urban,Oklahoma,Somewhat favor,Strongly favor,Somewhat favor,No,Something else
10788,1.1543,Independent,50-64,High school or less,Rural,Oklahoma,Strongly favor,Somewhat oppose,99,Yes,Uses too much land
10789,1.3207,Democrat,30-49,High school or less,Suburban,Louisiana,Somewhat favor,Strongly favor,Somewhat favor,No,No concerns
10790,0.8615,Democrat,65+,High school or less,Suburban,Oklahoma,Strongly favor,Somewhat favor,Strongly favor,No,No concerns
10791,1.1907,Democrat,30-49,High school or less,Urban,Missouri,Strongly favor,Somewhat favor,Somewhat favor,No,Uses too much land
10792,0.3116,Democrat,50-64,College graduate or more,Suburban,Texas,Somewhat favor,Somewhat favor,Strongly favor,No,Something else
10793,3.4912,Republican,18-29,High school or less,Urban,Missouri,Strongly oppose,Strongly favor,Somewhat oppose,No,Uses too much land
10794,1.1943,Republican,50-64,High school or less,Suburban,Texas,Strongly oppose,Strongly oppose,Strongly oppose,Yes,Changes how the area looks
10795,0.4168,Independent,65+,College graduate or more,Suburban,Texas,Strongly favor,Somewhat favor,Somewhat favor,Yes,No concerns
10796,1.6121,Independent,18-29,Some college,Urban,Texas,Strongly favor,Somewhat oppose,Somewhat oppose,No,Changes how the area looks
10797,1.1664,Republican,18-29,College graduate or more,Suburban,Texas,Somewhat oppose,Strongly oppose,Strongly oppose,No,Uses too much land
10798,0.6512,Republican,50-64,College graduate or more,Urban,Arkansas,Somewhat favor,Somewhat favor,Strongly favor,No,Something else
10799,1.37,Democrat,30-49,Some college,Rural,Texas,Strongly oppose,Somewhat favor,Somewhat favor,No,Uses too much land
10800,0.8176,Republican,30-49,Some college,Suburban,Louisiana,Somewhat favor,Strongly oppose,Somewhat favor,No,Uses too much land
10801,0.8599,Republican,65+,Some college,Urban,Texas,Strongly oppose,Somewhat favor,Strongly favor,Yes,Changes how the area looks
10802,0.6136,Independent,30-49,College graduate or more,Suburban,Arkansas,Strongly favor,Strongly oppose,Strongly oppose,No,Uses too much land
10803,1.7833,Republican,18-29,High school or less,Suburban,Arkansas,Somewhat oppose,Somewhat oppose,Somewhat oppose,No,Uses too much land
10804,1.0124,Republican,30-49,Some college,Suburban,Oklahoma,Strongly favor,Strongly oppose,Somewhat oppose,No,Worried about property values
10805,1.1306,Democrat,18-29,College graduate or more,Urban,Louisiana,Somewhat oppose,Somewhat favor,Somewhat favor,No,No concerns
10806,2.1578,Republican,18-29,High school or less,Suburban,Texas,Somewhat favor,Somewhat favor,Strongly oppose,Yes,Changes how the area looks
10807,1.018,Republican,50-64,High school or less,Urban,Texas,Strongly favor,Somewhat oppose,Somewhat oppose,No,Uses too much land
10808,0.2832,Democrat,65+,College graduate or more,Suburban,Texas,Strongly favor,Somewhat favor,Strongly favor,No,Changes how the area looks
10809,0.4626,Republican,65+,College graduate or more,Suburban,Oklahoma,Somewhat oppose,Somewhat oppose,Somewhat oppose,No,Doubts it is reliable
10810,0.5427,Republican,65+,Some college,Suburban,Missouri,Somewhat oppose,Somewhat oppose,Somewhat favor,No,Doubts it is reliable
10811,1.0778,Republican,30-49,Some college,Urban,Oklahoma,Strongly favor,Strongly favor,Strongly favor,Yes,Something else
10812,0.7813,Independent,50-64,High school or less,Suburban,Louisiana,Strongly favor,Strongly oppose,Somewhat oppose,Yes,Doubts it is reliable
10813,1.648,Republican,30-49,Some college,Rural,Oklahoma,Somewhat favor,Strongly oppose,Strongly oppose,No,Changes how the area looks
10814,2.0171,Independent,30-49,High school or less,Rural,Texas,Strongly favor,Somewhat oppose,99,No,Uses too much land
10815,0.9811,Democrat,18-29,College graduate or more,Rural,Texas,Somewhat favor,Strongly oppose,Strongly oppose,No,Worried about property values
10816,0.6635,Democrat,65+,Some college,Rural,Missouri,Strongly oppose,Somewhat oppose,Somewhat favor,Yes,Doubts it is reliable
10817,1.4217,Republican,30-49,High school or less,Urban,Texas,Somewhat favor,Somewhat favor,Somewhat favor,No,No concerns
10818,0.8552,Republican,65+,Some college,Rural,Louisiana,Somewhat favor,Somewhat oppose,Somewhat oppose,No,Doubts it is reliable
10819,0.5762,Republican,30-49,College graduate or more,Suburban,Arkansas,Strongly favor,Strongly oppose,Somewhat oppose,Yes,Doubts it is reliable
10820,1.0657,Independent,30-49,Some college,Rural,Kansas,Somewhat favor,Strongly oppose,Somewhat favor,No,Doubts it is reliable
10821,1.0303,Republican,30-49,Some college,Suburban,Oklahoma,Strongly favor,Somewhat favor,Somewhat favor,Yes,No concerns
10822,1.1312,Republican,65+,High school or less,Suburban,Texas,Strongly oppose,Somewhat oppose,Somewhat oppose,No,Something else
10823,1.495,Republican,18-29,Some college,Suburban,Texas,Strongly oppose,99,Strongly favor,No,No concerns
10824,2.9194,Independent,18-29,High school or less,Suburban,Texas,Somewhat favor,Somewhat favor,Somewhat favor,Yes,Changes how the area looks
10825,0.4939,Republican,65+,College graduate or more,Suburban,Texas,Somewhat favor,Somewhat oppose,Strongly oppose,No,Uses too much land
10826,0.4211,Republican,50-64,College graduate or more,Suburban,Arkansas,Somewhat favor,Somewhat oppose,Somewhat oppose,No,Uses too much land
10827,0.8011,Republican,50-64,College graduate or more,Rural,Louisiana,Strongly favor,Somewhat oppose,Strongly favor,Yes,Uses too much land
10828,0.9473,Democrat,50-64,High school or less,Suburban,Oklahoma,Somewhat favor,Strongly favor,Strongly favor,No,No concerns
10829,0.8435,Republican,50-64,Some college,Suburban,Oklahoma,Strongly favor,Strongly oppose,Strongly favor,Yes,Worried about property values
10830,1.3239,Independent,18-29,College graduate or more,Suburban,Oklahoma,Strongly favor,Somewhat oppose,Strongly favor,No,Uses too much land
10831,0.6846,Independent,50-64,Some college,Suburban,Louisiana,Strongly favor,Strongly favor,Somewhat favor,No,No concerns
10832,0.8587,Independent,50-64,High school or less,Urban,Texas,Strongly favor,Somewhat favor,Somewhat favor,No,No concerns
10833,0.8173,Independent,30-49,Some college,Suburban,Texas,Somewhat favor,Strongly favor,Somewhat favor,No,Changes how the area looks
10834,0.2996,Democrat,65+,College graduate or more,Urban,Missouri,Strongly favor,Somewhat favor,Somewhat favor,No,No concerns
10835,0.6911,Democrat,65+,High school or less,Suburban,Texas,Somewhat oppose,Strongly favor,Somewhat oppose,No,No concerns
10836,1.2516,Republican,18-29,Some college,Suburban,Texas,Strongly oppose,Somewhat favor,Somewhat oppose,No,No concerns
10837,1.2367,Republican,30-49,High school or less,Suburban,Louisiana,Somewhat favor,Strongly oppose,Somewhat oppose,No,Changes how the area looks
10838,2.9294,Independent,18-29,High school or less,Suburban,Texas,Somewhat oppose,Strongly favor,Somewhat oppose,No,Uses too much land
10839,1.8494,Democrat,18-29,Some college,Rural,Texas,Somewhat favor,Somewhat favor,Somewhat favor,No,No concerns
10840,0.4678,Democrat,30-49,College graduate or more,Suburban,Missouri,Strongly favor,Strongly oppose,Strongly favor,No,Something else
10841,0.4177,Republican,65+,College graduate or more,Suburban,Missouri,Strongly favor,Somewhat oppose,Somewhat favor,Yes,Uses too much land
10842,0.6103,Democrat,65+,Some college,Urban,Texas,Somewhat favor,99,Somewhat favor,No,Uses too much land
10843,0.7151,Republican,50-64,Some college,Urban,Texas,Somewhat oppose,Somewhat favor,Strongly oppose,No,No concerns
10844,2.4955,Republican,18-29,High school or less,Suburban,Louisiana,Strongly favor,Strongly favor,Somewhat oppose,No,No concerns
10845,0.5014,Independent,50-64,College graduate or more,Urban,Texas,Somewhat favor,Strongly favor,Somewhat favor,No,Changes how the area looks
10846,0.4702,Republican,50-64,College graduate or more,Urban,Arkansas,Somewhat favor,Strongly favor,Somewhat oppose,No,No concerns
10847,0.4936,Democrat,50-64,Some college,Suburban,Arkansas,Strongly favor,Somewhat favor,Somewhat favor,No,Changes how the area looks
10848,0.3876,Independent,65+,College graduate or more,Rural,Texas,Strongly oppose,Strongly favor,Somewhat oppose,Yes,No concerns
10849,1.0578,Independent,18-29,College graduate or more,Suburban,Texas,Somewhat favor,Somewhat favor,Strongly oppose,No,Changes how the area looks
10850,1.2878,Republican,30-49,High school or less,Rural,Oklahoma,Somewhat favor,Somewhat oppose,Somewhat oppose,Yes,Something else
10851,1.5997,Republican,30-49,High school or less,Rural,Texas,Strongly oppose,Strongly oppose,Somewhat favor,No,Worried about property values
10852,0.6071,Republican,30-49,College graduate or more,Suburban,Louisiana,Somewhat favor,Somewhat favor,Strongly oppose,Yes,No concerns
10853,0.5572,Independent,50-64,College graduate or more,Urban,Texas,Strongly oppose,Somewhat favor,Somewhat favor,No,Worried about property values
10854,1.1117,Democrat,30-49,High school or less,Suburban,Oklahoma,Strongly favor,Strongly oppose,Somewhat favor,No,Worried about property values
10855,1.5087,Republican,30-49,High school or less,Rural,Missouri,Somewhat favor,Somewhat oppose,Strongly oppose,Yes,Worried about property values
10856,0.6997,Democrat,30-49,Some college,Suburban,Texas,Strongly favor,Strongly favor,Strongly favor,No,No concerns
10857,1.3891,Republican,18-29,Some college,Urban,Texas,Strongly favor,Strongly favor,Somewhat favor,No,No concerns
10858,1.4907,Democrat,30-49,High school or less,Urban,Oklahoma,Somewhat favor,Somewhat favor,Somewhat favor,No,Changes how the area looks
10859,0.5626,Republican,50-64,Some college,Urban,Oklahoma,Somewhat oppose,Strongly favor,Somewhat oppose,No,Changes how the area looks
10860,2.2006,Independent,18-29,High school or less,Urban,Kansas,Somewhat favor,Strongly favor,Strongly favor,No,No concerns
10861,0.7472,Republican,50-64,Some college,Urban,Louisiana,Somewhat favor,99,Strongly favor,No,Uses too much land
10862,1.8827,Independent,18-29,High school or less,Suburban,Louisiana,Strongly favor,Strongly favor,Strongly oppose,No,No concerns
10863,1.3106,Democrat,18-29,Some college,Suburban,Oklahoma,Strongly favor,Strongly oppose,Somewhat favor,No,Worried about property values
10864,1.1131,Democrat,65+,High school or less,Rural,Louisiana,Somewhat favor,Somewhat favor,99,No,Something else
10865,1.0231,Democrat,65+,High school or less,Urban,Texas,Strongly favor,Somewhat favor,Somewhat favor,No,Uses too much land
10866,0.928,Democrat,30-49,Some college,Urban,Oklahoma,Somewhat favor,Strongly favor,Strongly favor,No,Worried about property values
10867,1.2979,Republican,50-64,High school or less,Urban,Oklahoma,Somewhat oppose,Somewhat favor,Somewhat favor,No,No concerns
10868,0.6965,Democrat,18-29,College graduate or more,Suburban,Missouri,Strongly favor,Strongly favor,Strongly favor,No,No concerns
10869,1.6748,Independent,30-49,High school or less,Urban,Missouri,Somewhat oppose,Somewhat favor,Strongly favor,No,No concerns
10870,0.9028,Democrat,30-49,Some college,Urban,Oklahoma,Strongly favor,Strongly favor,Somewhat oppose,Yes,No concerns
10871,0.4838,Democrat,65+,Some college,Urban,Texas,Somewhat favor,Strongly favor,Strongly favor,No,No concerns
10872,0.5243,Democrat,50-64,Some college,Rural,Texas,Strongly favor,Somewhat favor,Somewhat favor,Yes,Worried about property values
10873,0.457,Democrat,50-64,College graduate or more,Urban,Missouri,Strongly favor,Somewhat favor,Somewhat favor,No,No concerns
10874,1.2239,Republican,50-64,High school or less,Rural,Arkansas,Strongly favor,Strongly oppose,Somewhat oppose,No,Something else
10875,0.707,Republican,50-64,Some college,Suburban,Texas,Strongly oppose,Somewhat oppose,Somewhat oppose,No,Uses too much land
10876,0.6303,Democrat,18-29,College graduate or more,Urban,Texas,Strongly favor,Somewhat favor,Somewhat favor,No,Worried about property values
10877,0.9407,Republican,50-64,High school or less,Suburban,Arkansas,Strongly oppose,Somewhat oppose,Somewhat oppose,No,Uses too much land
10878,0.5487,Republican,65+,College graduate or more,Urban,Louisiana,Strongly oppose,Somewhat oppose,Strongly oppose,Yes,Uses too much land
10879,0.6647,Republican,30-49,Some college,Suburban,Arkansas,Strongly favor,Strongly oppose,Somewhat oppose,No,Something else
10880,0.9214,Democrat,18-29,College graduate or more,Urban,Oklahoma,Somewhat favor,99,Strongly favor,Yes,No concerns
10881,1.7654,Republican,30-49,High school or less,Rural,Louisiana,Somewhat oppose,Somewhat oppose,Somewhat oppose,No,Something else
10882,0.7966,Republican,30-49,College graduate or more,Suburban,Texas,Strongly favor,Strongly oppose,Somewhat favor,No,Uses too much land
10883,0.7142,Republican,50-64,Some college,Urban,Texas,Somewhat oppose,Somewhat oppose,Strongly oppose,Yes,Worried about property values
10884,0.7204,Independent,65+,High school or less,Suburban,Texas,Somewhat oppose,Somewhat oppose,Strongly oppose,No,Doubts it is reliable
10885,0.4974,Republican,65+,Some college,Suburban,Oklahoma,Somewhat favor,Strongly oppose,Somewhat oppose,No,Uses too much land
10886,0.5549,Democrat,50-64,High school or less,Suburban,Kansas,Somewhat favor,Somewhat favor,Strongly oppose,No,Changes how the area looks
10887,1.1989,Democrat,18-29,Some college,Urban,Arkansas,Somewhat favor,Strongly favor,Strongly favor,Yes,Changes how the area looks
10888,1.4463,Democrat,30-49,High school or less,Suburban,Missouri,Strongly favor,99,Strongly oppose,Yes,No concerns
10889,1.1807,Republican,18-29,Some college,Suburban,Oklahoma,Strongly oppose,Strongly favor,Strongly oppose,No,No concerns
10890,0.4524,Independent,65+,Some college,Urban,Texas,Strongly favor,Strongly oppose,Strongly favor,No,Uses too much land
10891,0.707,Democrat,65+,High school or less,Urban,Texas,Strongly favor,Somewhat favor,Somewhat favor,No,Changes how the area looks
10892,0.7759,Republican,50-64,Some college,Suburban,Louisiana,Strongly oppose,Somewhat oppose,Somewhat oppose,No,Uses too much land
10893,3.0308,Republican,18-29,High school or less,Urban,Texas,Strongly favor,Somewhat favor,Somewhat favor,No,No concerns
10894,0.4125,Independent,65+,College graduate or more,Suburban,Texas,Strongly oppose,Strongly oppose,Strongly favor,Yes,Doubts it is reliable
10895,1.6678,Independent,30-49,High school or less,Suburban,Missouri,Strongly favor,Somewhat favor,Strongly oppose,No,No concerns
10896,1.0105,Republican,65+,High school or less,Suburban,Louisiana,Strongly favor,Strongly oppose,Somewhat oppose,No,Changes how the area looks
10897,1.2825,Republican,65+,High school or less,Urban,Texas,Strongly oppose,Somewhat oppose,Somewhat oppose,Yes,Changes how the area looks
10898,1.8977,Democrat,18-29,High school or less,Urban,Arkansas,Somewhat favor,Strongly favor,Somewhat favor,No,No concerns
10899,0.4717,Democrat,65+,High school or less,Suburban,Texas,Somewhat favor,Somewhat favor,Somewhat favor,Yes,Changes how the area looks
10900,0.6698,Democrat,30-49,Some college,Urban,Texas,Strongly favor,Strongly favor,Somewhat favor,No,No concerns
10901,1.0699,Republican,30-49,Some college,Suburban,Arkansas,Somewhat oppose,Somewhat oppose,Somewhat favor,No,Doubts it is reliable
10902,0.7389,Democrat,65+,High school or less,Suburban,Oklahoma,Strongly favor,Strongly favor,Somewhat favor,No,No concerns
10903,0.9241,Republican,18-29,College graduate or more,Suburban,Arkansas,Somewhat favor,Somewhat favor,Strongly oppose,No,No concerns
10904,0.4039,Independent,65+,College graduate or more,Suburban,Texas,Strongly favor,Strongly favor,Strongly favor,No,Uses too much land
10905,1.0828,Independent,50-64,High school or less,Rural,Texas,Somewhat favor,Somewhat favor,Strongly oppose,No,Something else
10906,1.7417,Independent,30-49,High school or less,Rural,Kansas,Somewhat favor,Strongly favor,Somewhat favor,Yes,No concerns
10907,0.503,Democrat,30-49,College graduate or more,Suburban,Missouri,Somewhat favor,Somewhat favor,Somewhat favor,No,Worried about property values
10908,1.4051,Democrat,30-49,High school or less,Urban,Texas,Strongly favor,Strongly favor,Somewhat favor,Yes,Uses too much land
10909,1.1356,Republican,50-64,High school or less,Rural,Texas,Somewhat favor,Strongly oppose,Somewhat oppose,No,Changes how the area looks
10910,0.5588,Independent,50-64,Some college,Urban,Texas,Somewhat favor,Somewhat favor,Somewhat favor,No,No concerns
10911,0.6732,Democrat,30-49,Some college,Suburban,Louisiana,Somewhat favor,Strongly favor,Strongly favor,No,Uses too much land
10912,0.6655,Independent,50-64,Some college,Suburban,Texas,Somewhat favor,Somewhat oppose,Somewhat favor,No,Uses too much land
10913,0.8967,Republican,65+,High school or less,Urban,Texas,Somewhat favor,Strongly oppose,Strongly favor,No,Uses too much land
10914,0.522,Democrat,18-29,College graduate or more,Suburban,Oklahoma,Somewhat favor,Strongly favor,Strongly favor,No,Changes how the area looks
10915,1.1826,Independent,30-49,High school or less,Suburban,Texas,Strongly favor,Somewhat favor,Somewhat favor,No,Something else
10916,0.8916,Republican,18-29,College graduate or more,Urban,Oklahoma,Somewhat oppose,Somewhat favor,Somewhat oppose,No,No concerns
10917,0.9684,Independent,30-49,Some college,Urban,Oklahoma,Somewhat favor,Somewhat favor,99,Yes,No concerns
10918,1.6804,Republican,30-49,Some college,Rural,Oklahoma,Somewhat oppose,Strongly favor,Strongly oppose,No,Changes how the area looks
10919,1.0937,Republican,30-49,High school or less,Suburban,Kansas,Strongly oppose,Somewhat oppose,Somewhat oppose,No,Something else
10920,0.5813,Democrat,65+,Some college,Urban,Missouri,Strongly favor,Strongly favor,Strongly favor,Yes,No concerns
10921,2.4374,Republican,18-29,High school or less,Urban,Louisiana,Somewhat favor,Somewhat oppose,Strongly oppose,No,Uses too much land
10922,0.667,Democrat,30-49,College graduate or more,Rural,Missouri,Somewhat favor,Strongly oppose,Somewhat favor,Yes,Changes how the area looks
10923,1.116,Democrat,30-49,High school or less,Rural,Arkansas,Somewhat favor,Somewhat favor,Strongly favor,No,No concerns
10924,0.3561,Democrat,65+,College graduate or more,Suburban,Oklahoma,Somewhat favor,Strongly favor,Strongly favor,No,No concerns
10925,1.6238,Republican,30-49,High school or less,Suburban,Texas,Somewhat oppose,Strongly favor,Strongly favor,No,Uses too much land
10926,1.9323,Democrat,18-29,High school or less,Suburban,Kansas,Strongly favor,Somewhat favor,Strongly oppose,No,No concerns
10927,1.1488,Democrat,30-49,Some college,Urban,Arkansas,Strongly favor,Somewhat favor,Strongly favor,No,No concerns
10928,0.5239,Republican,50-64,College graduate or more,Suburban,Oklahoma,Strongly oppose,Strongly oppose,Somewhat oppose,No,Uses too much land
10929,1.1786,Democrat,30-49,High school or less,Suburban,Arkansas,Strongly favor,Strongly favor,Somewhat favor,No,No concerns
10930,0.3652,Democrat,65+,College graduate or more,Rural,Texas,Somewhat favor,Strongly favor,Strongly oppose,No,No concerns
10931,0.386,Independent,50-64,College graduate or more,Urban,Oklahoma,Somewhat oppose,Strongly oppose,Somewhat oppose,No,Uses too much land
10932,1.7338,Democrat,18-29,High school or less,Suburban,Texas,Strongly favor,Somewhat favor,Somewhat favor,No,No concerns
10933,0.8719,Independent,65+,High school or less,Urban,Louisiana,Strongly oppose,Somewhat oppose,Somewhat oppose,No,Worried about property values
10934,1.0286,Republican,50-64,High school or less,Suburban,Missouri,Strongly favor,Somewhat oppose,Strongly oppose,No,Uses too much land
10935,0.7825,Democrat,30-49,Some college,Suburban,Arkansas,Strongly favor,Somewhat favor,Strongly favor,No,Changes how the area looks
10936,1.0103,Democrat,30-49,Some college,Suburban,Louisiana,Somewhat favor,Strongly favor,Strongly oppose,No,Changes how the area looks
10937,0.4047,Democrat,65+,Some college,Urban,Kansas,Strongly favor,Strongly favor,Strongly oppose,No,Something else
10938,1.2156,Republican,30-49,High school or less,Suburban,Texas,Somewhat favor,Somewhat oppose,Somewhat oppose,No,Changes how the area looks
10939,0.3947,Independent,65+,Some college,Suburban,Missouri,Strongly favor,Somewhat oppose,Somewhat oppose,No,Doubts it is reliable
10940,1.4464,Democrat,18-29,Some college,Urban,Oklahoma,Strongly favor,Strongly favor,Somewhat favor,No,No concerns
10941,1.4979,Independent,50-64,High school or less,Rural,Louisiana,Strongly favor,Somewhat favor,Strongly oppose,No,Changes how the area looks
10942,1.2813,Democrat,30-49,High school or less,Rural,Texas,Somewhat favor,Strongly favor,Strongly favor,No,Worried about property values
10943,0.8718,Democrat,18-29,College graduate or more,Suburban,Texas,Strongly favor,Strongly favor,Strongly favor,Yes,Worried about property values
10944,1.6885,Independent,18-29,Some college,Urban,Texas,Strongly favor,Somewhat favor,Strongly favor,No,Uses too much land
10945,0.6358,Independent,50-64,Some college,Suburban,Arkansas,Strongly favor,Strongly oppose,Somewhat oppose,Yes,Uses too much land
10946,1.8537,Republican,30-49,High school or less,Suburban,Texas,Strongly oppose,Strongly oppose,Strongly oppose,No,Uses too much land
10947,1.3244,Republican,50-64,High school or less,Rural,Texas,Somewhat favor,Somewhat oppose,Somewhat oppose,No,Uses too much land
10948,1.1095,Republican,18-29,Some college,Suburban,Texas,Strongly favor,Somewhat oppose,Strongly oppose,No,Uses too much land
10949,0.4454,Democrat,50-64,College graduate or more,Suburban,Louisiana,Somewhat favor,Somewhat favor,Strongly favor,Yes,Worried about property values
10950,1.2784,Independent,18-29,Some college,Suburban,Arkansas,Strongly oppose,Strongly oppose,Somewhat oppose,No,Changes how the area looks
10951,1.3169,Republican,18-29,Some college,Urban,Oklahoma,Strongly favor,Strongly favor,Strongly favor,No,No concerns
10952,1.0758,Republican,50-64,Some college,Rural,Oklahoma,Somewhat oppose,Somewhat oppose,Somewhat oppose,No,Uses too much land
10953,0.4819,Democrat,30-49,College graduate or more,Rural,Louisiana,Somewhat favor,Somewhat favor,Strongly favor,No,Uses too much land
10954,1.5365,Republican,30-49,High school or less,Suburban,Texas,Somewhat favor,Strongly oppose,Somewhat oppose,No,Uses too much land
10955,0.4516,Democrat,65+,Some college,Suburban,Texas,Strongly favor,Somewhat favor,Somewhat favor,No,No concerns
10956,1.5234,Democrat,30-49,High school or less,Rural,Texas,Somewhat favor,Strongly favor,Strongly oppose,No,No concerns
10957,0.5265,Republican,65+,Some college,Suburban,Texas,Somewhat oppose,99,Strongly oppose,No,Changes how the area looks
10958,0.5968,Republican,65+,Some college,Suburban,Arkansas,Strongly favor,Strongly favor,99,No,No concerns
10959,0.436,Independent,50-64,College graduate or more,Suburban,Oklahoma,Somewhat favor,Strongly oppose,Somewhat favor,No,Uses too much land
10960,2.0144,Independent,18-29,Some college,Rural,Texas,Somewhat favor,Strongly favor,Somewhat oppose,Yes,No concerns
10961,0.4692,Democrat,50-64,College graduate or more,Urban,Louisiana,Somewhat favor,Somewhat favor,Strongly favor,No,No concerns
10962,0.7658,Republican,18-29,College graduate or more,Suburban,Oklahoma,Somewhat favor,Strongly favor,Strongly favor,No,No concerns
10963,0.5607,Democrat,65+,High school or less,Suburban,Louisiana,Strongly favor,Strongly favor,99,No,Worried about property values
10964,1.1075,Republican,30-49,Some college,Rural,Louisiana,Strongly oppose,Somewhat favor,99,No,No concerns
10965,0.9062,Democrat,18-29,College graduate or more,Urban,Oklahoma,Somewhat favor,Somewhat favor,Somewhat favor,Yes,No concerns
10966,0.5606,Democrat,50-64,Some college,Suburban,Louisiana,Somewhat favor,Strongly favor,Somewhat favor,No,Uses too much land
10967,0.4173,Democrat,30-49,College graduate or more,Suburban,Texas,Strongly favor,Somewhat favor,Somewhat favor,Yes,Changes how the area looks
10968,1.0319,Republican,30-49,High school or less,Urban,Oklahoma,Strongly favor,Strongly favor,Strongly oppose,Yes,Changes how the area looks
10969,0.6194,Republican,30-49,College graduate or more,Suburban,Arkansas,Strongly favor,Somewhat oppose,Somewhat oppose,No,Uses too much land
10970,0.9707,Democrat,18-29,Some college,Suburban,Texas,Somewhat favor,Somewhat favor,Somewhat oppose,No,No concerns
10971,0.681,Republican,30-49,College graduate or more,Urban,Oklahoma,Strongly favor,Strongly favor,Somewhat favor,No,Worried about property values
10972,0.9243,Democrat,30-49,High school or less,Suburban,Oklahoma,Strongly favor,Strongly favor,Strongly oppose,Yes,Uses too much land
10973,0.8236,Republican,50-64,Some college,Suburban,Kansas,Somewhat favor,Strongly oppose,Somewhat oppose,No,Worried about property values
10974,0.6924,Independent,30-49,College graduate or more,Suburban,Texas,Somewhat favor,Somewhat favor,Strongly oppose,No,Uses too much land
10975,0.9548,Democrat,30-49,Some college,Rural,Kansas,Strongly oppose,Somewhat oppose,Strongly favor,No,Uses too much land
10976,1.7022,Republican,30-49,High school or less,Urban,Texas,Strongly favor,Somewhat favor,99,Yes,No concerns
10977,1.0613,Independent,30-49,Some college,Suburban,Oklahoma,Strongly favor,Somewhat favor,Strongly favor,No,Worried about property values
10978,0.5606,Republican,30-49,College graduate or more,Urban,Louisiana,Somewhat favor,Somewhat oppose,Somewhat favor,No,Doubts it is reliable
10979,1.1064,Republican,18-29,College graduate or more,Urban,Missouri,Somewhat favor,Somewhat favor,Somewhat favor,Yes,Worried about property values
10980,1.5516,Independent,18-29,Some college,Rural,Kansas,Somewhat favor,Strongly oppose,Strongly favor,No,Something else
10981,0.7219,Republican,30-49,College graduate or more,Rural,Texas,Somewhat favor,Somewhat oppose,Strongly oppose,No,Worried about property values
10982,0.6616,Republican,50-64,Some college,Urban,Oklahoma,Somewhat favor,Somewhat oppose,Somewhat favor,Yes,Uses too much land
10983,1.3739,Democrat,30-49,High school or less,Suburban,Texas,Somewhat favor,Strongly favor,Somewhat favor,No,Uses too much land
10984,1.9792,Democrat,18-29,High school or less,Urban,Texas,Somewhat favor,Strongly favor,Somewhat favor,No,Something else
10985,0.4661,Democrat,50-64,College graduate or more,Suburban,Texas,Somewhat favor,Strongly favor,Somewhat favor,No,No concerns
10986,0.4232,Independent,50-64,College graduate or more,Urban,Arkansas,Strongly favor,Strongly favor,Somewhat favor,No,No concerns
10987,1.7717,Republican,18-29,Some college,Suburban,Texas,Somewhat favor,Somewhat oppose,Somewhat oppose,No,Changes how the area looks
10988,1.0371,Independent,50-64,Some college,Suburban,Texas,Strongly oppose,Somewhat oppose,Strongly favor,Yes,Uses too much land
10989,2.4291,Republican,18-29,High school or less,Suburban,Texas,Somewhat favor,Somewhat oppose,Somewhat oppose,No,Uses too much land
10990,0.601,Democrat,65+,Some college,Rural,Texas,Somewhat favor,Somewhat favor,Strongly favor,No,No concerns
10991,0.5047,Republican,50-64,Some college,Urban,Oklahoma,Strongly favor,Somewhat oppose,Somewhat favor,No,Doubts it is reliable
10992,0.9142,Democrat,18-29,Some college,Suburban,Texas,Strongly favor,Strongly favor,Somewhat favor,No,No concerns
10993,0.2929,Democrat,50-64,College graduate or more,Urban,Texas,Somewhat favor,Strongly favor,Somewhat favor,No,No concerns
10994,1.02,Independent,18-29,College graduate or more,Suburban,Texas,Somewhat oppose,Strongly favor,Somewhat favor,No,No concerns
10995,0.4879,Republican,50-64,Some college,Urban,Texas,Somewhat oppose,99,Somewhat oppose,No,Worried about property values
10996,0.9236,Republican,18-29,College graduate or more,Urban,Texas,Somewhat favor,Somewhat favor,Somewhat favor,No,Uses too much land
10997,1.6459,Republican,30-49,High school or less,Urban,Oklahoma,Strongly favor,Somewhat favor,Somewhat favor,No,Worried about property values
10998,0.7922,Democrat,65+,High school or less,Urban,Louisiana,Somewhat favor,Somewhat favor,Strongly favor,Yes,No concerns
10999,1.319,Republican,30-49,High school or less,Suburban,Texas,Somewhat favor,Strongly favor,Somewhat oppose,No,Uses too much land
11000,0.4097,Republican,65+,College graduate or more,Urban,Texas,Strongly favor,Somewhat favor,99,No,Uses too much land
11001,0.9188,Republican,65+,High school or less,Suburban,Texas,Strongly favor,Somewhat favor,Strongly favor,No,Changes how the area looks
11002,0.384,Democrat,50-64,College graduate or more,Urban,Kansas,Strongly favor,Somewhat favor,Somewhat favor,Yes,Worried about property values
11003,0.6308,Democrat,50-64,High school or less,Urban,Missouri,Strongly oppose,Somewhat oppose,Strongly oppose,No,Uses too much land
11004,1.9712,Democrat,18-29,High school or less,Urban,Louisiana,Strongly favor,Strongly favor,Somewhat favor,No,No concerns
11005,0.9327,Republican,30-49,Some college,Suburban,Oklahoma,Strongly favor,Strongly oppose,Somewhat oppose,No,Something else
11006,0.6588,Democrat,30-49,College graduate or more,Suburban,Texas,Strongly favor,Strongly oppose,Somewhat oppose,No,Changes how the area looks
11007,0.4009,Democrat,65+,Some college,Suburban,Arkansas,Strongly favor,Strongly favor,Somewhat oppose,No,No concerns
11008,1.0876,Democrat,18-29,College graduate or more,Rural,Arkansas,Somewhat favor,Somewhat favor,Strongly favor,No,Uses too much land
11009,0.4521,Independent,65+,Some college,Suburban,Texas,Strongly favor,Strongly favor,Strongly oppose,No,Something else
11010,0.6915,Democrat,30-49,Some college,Suburban,Arkansas,Somewhat favor,Somewhat favor,Strongly oppose,No,Uses too much land
11011,0.328,Republican,65+,College graduate or more,Suburban,Oklahoma,Somewhat favor,Somewhat favor,Strongly oppose,No,No concerns
11012,0.6739,Independent,50-64,Some college,Urban,Texas,Somewhat favor,Strongly favor,Strongly favor,No,No concerns
11013,0.4017,Democrat,65+,College graduate or more,Rural,Kansas,Somewhat favor,Somewhat oppose,Strongly oppose,Yes,Worried about property values
11014,1.1718,Independent,30-49,High school or less,Urban,Louisiana,Strongly favor,Strongly oppose,Somewhat oppose,No,Worried about property values
11015,1.845,Democrat,18-29,High school or less,Suburban,Missouri,Strongly favor,Strongly favor,Somewhat favor,No,Changes how the area looks
11016,1.2846,Independent,50-64,High school or less,Suburban,Oklahoma,Strongly favor,Somewhat oppose,Somewhat oppose,No,Changes how the area looks
11017,0.487,Independent,65+,Some college,Urban,Arkansas,Somewhat oppose,Somewhat favor,Somewhat favor,Yes,No concerns
11018,0.4889,Republican,50-64,College graduate or more,Suburban,Arkansas,Strongly oppose,Somewhat oppose,Strongly favor,No,Worried about property values
11019,1.1021,Independent,30-49,Some college,Urban,Arkansas,Strongly favor,Somewhat favor,Somewhat favor,No,No concerns
11020,1.8138,Republican,18-29,Some college,Urban,Missouri,Strongly favor,Strongly favor,Strongly oppose,No,Uses too much land
11021,1.1598,Republican,65+,High school or less,Suburban,Oklahoma,Strongly oppose,Somewhat oppose,Strongly oppose,No,Worried about property values
11022,1.4122,Independent,18-29,Some college,Suburban,Missouri,Strongly favor,Somewhat oppose,Somewhat oppose,No,Uses too much land
11023,0.4061,Democrat,50-64,College graduate or more,Suburban,Louisiana,Strongly favor,Strongly favor,Somewhat favor,No,Changes how the area looks
11024,2.4541,Republican,18-29,High school or less,Suburban,Oklahoma,Strongly favor,Somewhat favor,Strongly oppose,Yes,No concerns
11025,1.5633,Independent,18-29,Some college,Urban,Texas,Somewhat favor,Strongly favor,Strongly oppose,No,No concerns
11026,0.7532,Democrat,30-49,Some college,Suburban,Louisiana,Strongly favor,Strongly favor,99,Yes,No concerns
11027,0.5609,Republican,50-64,College graduate or more,Suburban,Louisiana,Strongly favor,Somewhat favor,Strongly oppose,No,No concerns
11028,1.2292,Independent,30-49,High school or less,Suburban,Kansas,Strongly favor,Somewhat favor,Somewhat oppose,No,Changes how the area looks
11029,1.443,Independent,30-49,High school or less,Suburban,Arkansas,Strongly favor,Strongly oppose,Strongly favor,No,Changes how the area looks
11030,0.7118,Democrat,30-49,Some college,Suburban,Texas,Somewhat favor,Strongly favor,Strongly favor,Yes,No concerns
11031,1.4028,Independent,30-49,High school or less,Urban,Louisiana,Strongly oppose,Strongly favor,Strongly oppose,Yes,No concerns
11032,0.3957,Independent,65+,College graduate or more,Urban,Texas,Somewhat favor,Somewhat oppose,Somewhat oppose,No,Changes how the area looks
11033,0.7344,Independent,30-49,College graduate or more,Urban,Oklahoma,Strongly favor,Strongly favor,Somewhat favor,No,No concerns
11034,0.9729,Republican,50-64,Some college,Suburban,Arkansas,Somewhat favor,Somewhat favor,Somewhat favor,No,No concerns
11035,0.2699,Independent,65+,College graduate or more,Suburban,Texas,Strongly favor,Strongly oppose,Strongly oppose,No,Something else
11036,0.613,Republican,65+,Some college,Suburban,Missouri,Somewhat oppose,Somewhat oppose,Strongly favor,Yes,Uses too much land
11037,0.4499,Independent,65+,College graduate or more,Urban,Texas,Somewhat favor,Somewhat favor,Strongly favor,No,No concerns
11038,0.5948,Democrat,65+,Some college,Suburban,Texas,Strongly favor,Somewhat oppose,Somewhat favor,No,Uses too much land
11039,3.4285,Independent,18-29,High school or less,Rural,Oklahoma,Strongly favor,Strongly favor,Somewhat oppose,No,No concerns
11040,0.5869,Democrat,50-64,Some college,Urban,Missouri,Strongly favor,Somewhat favor,Somewhat favor,No,Uses too much land
11041,1.2349,Republican,65+,High school or less,Urban,Texas,Strongly favor,Somewhat oppose,Strongly oppose,No,Uses too much land
11042,0.3899,Independent,65+,College graduate or more,Suburban,Texas,Strongly favor,Somewhat oppose,Somewhat favor,Yes,Changes how the area looks
11043,3.9281,Republican,18-29,High school or less,Suburban,Oklahoma,Somewhat favor,Strongly favor,Somewhat oppose,Yes,No concerns
11044,1.2206,Republican,50-64,High school or less,Rural,Texas,Strongly favor,Strongly oppose,Somewhat oppose,No,Uses too much land
11045,1.4489,Republican,18-29,Some college,Rural,Oklahoma,Somewhat favor,Somewhat favor,Somewhat favor,No,No concerns
11046,0.7549,Democrat,65+,High school or less,Rural,Arkansas,Strongly oppose,Strongly favor,Somewhat favor,Yes,Something else
11047,0.3642,Republican,50-64,College graduate or more,Suburban,Texas,Somewhat oppose,Somewhat oppose,Somewhat favor,No,Doubts it is reliable
11048,0.5195,Democrat,65+,Some college,Suburban,Missouri,Somewhat favor,Somewhat favor,Somewhat favor,No,Changes how the area looks
11049,0.7324,Democrat,50-64,High school or less,Suburban,Arkansas,Strongly favor,Somewhat favor,Somewhat oppose,No,No concerns
11050,0.9043,Republican,30-49,Some college,Suburban,Oklahoma,Somewhat favor,Somewhat oppose,Strongly oppose,No,Worried about property values
11051,0.5835,Democrat,50-64,Some college,Suburban,Louisiana,Somewhat favor,Somewhat favor,Strongly oppose,No,No concerns
11052,0.6171,Democrat,65+,High school or less,Suburban,Oklahoma,Strongly favor,Somewhat favor,Somewhat favor,No,No concerns
11053,0.7791,Independent,30-49,College graduate or more,Suburban,Kansas,Strongly favor,Somewhat favor,Somewhat favor,No,No concerns
11054,0.5845,Independent,30-49,College graduate or more,Suburban,Arkansas,Somewhat favor,Somewhat oppose,Somewhat favor,No,Worried about property values
11055,0.7197,Democrat,65+,Some college,Rural,Texas,Strongly favor,Somewhat favor,Strongly oppose,No,No concerns
11056,0.5379,Independent,30-49,College graduate or more,Urban,Louisiana,Somewhat favor,Somewhat favor,Somewhat favor,No,Changes how the area looks
11057,1.0601,Republican,50-64,High school or less,Suburban,Kansas,Strongly favor,Strongly oppose,Somewhat favor,No,Uses too much land
11058,1.3985,Republican,65+,High school or less,Rural,Arkansas,Somewhat oppose,Strongly favor,Strongly oppose,No,No concerns
11059,1.0339,Independent,30-49,Some college,Suburban,Texas,Strongly favor,Strongly oppose,Somewhat favor,No,Something else
11060,0.7135,Independent,65+,Some college,Urban,Texas,Somewhat favor,Somewhat favor,Somewhat favor,No,No concerns
11061,0.6765,Democrat,30-49,College graduate or more,Urban,Oklahoma,Strongly favor,Strongly favor,Somewhat oppose,No,No concerns
11062,0.87,Independent,30-49,Some college,Suburban,Arkansas,Somewhat favor,Somewhat oppose,Strongly oppose,No,Uses too much land
11063,1.5424,Independent,30-49,High school or less,Suburban,Texas,Somewhat favor,Somewhat oppose,Somewhat oppose,Yes,Worried about property values
11064,2.2954,Independent,18-29,High school or less,Suburban,Oklahoma,Strongly favor,Somewhat favor,Strongly oppose,Yes,Uses too much land
11065,2.5462,Independent,18-29,High school or less,Suburban,Texas,Strongly oppose,Strongly favor,Somewhat favor,No,No concerns
11066,0.4306,Independent,65+,College graduate or more,Urban,Oklahoma,Strongly favor,Somewhat favor,Somewhat favor,No,Uses too much land
11067,0.8826,Independent,50-64,High school or less,Suburban,Arkansas,Strongly favor,Somewhat favor,Somewhat favor,No,Worried about property values
11068,3.1469,Independent,18-29,High school or less,Rural,Arkansas,Strongly favor,Somewhat favor,Somewhat oppose,No,Uses too much land
11069,1.3333,Republican,18-29,Some college,Suburban,Louisiana,Somewhat favor,99,Somewhat favor,No,Changes how the area looks
11070,0.7842,Republican,30-49,College graduate or more,Urban,Texas,Strongly favor,Somewhat favor,Somewhat oppose,No,No concerns
11071,0.3835,Independent,65+,College graduate or more,Urban,Missouri,Somewhat favor,Somewhat favor,Somewhat oppose,No,Uses too much land
11072,0.5585,Independent,30-49,College graduate or more,Suburban,Oklahoma,Somewhat oppose,Somewhat favor,Strongly oppose,Yes,No concerns
11073,0.9671,Independent,50-64,High school or less,Urban,Louisiana,Strongly favor,Somewhat favor,Somewhat favor,No,Changes how the area looks
11074,0.7084,Democrat,65+,High school or less,Suburban,Louisiana,Strongly favor,Strongly favor,Strongly favor,Yes,No concerns
11075,0.4556,Democrat,50-64,College graduate or more,Suburban,Texas,Strongly favor,Somewhat favor,99,No,Worried about property values
11076,1.3488,Democrat,30-49,High school or less,Suburban,Oklahoma,Strongly favor,Somewhat favor,Strongly favor,No,No concerns
11077,0.5648,Republican,30-49,College graduate or more,Suburban,Missouri,Strongly favor,Somewhat favor,Somewhat favor,No,No concerns
11078,2.352,Democrat,18-29,High school or less,Urban,Texas,Strongly favor,Somewhat favor,Somewhat favor,No,Uses too much land
11079,1.3991,Republican,30-49,Some college,Rural,Oklahoma,Strongly favor,Strongly oppose,Somewhat oppose,No,Worried about property values
11080,0.3419,Democrat,65+,College graduate or more,Urban,Oklahoma,Somewhat favor,Strongly favor,Somewhat favor,No,No concerns
11081,2.1127,Republican,18-29,High school or less,Rural,Louisiana,Strongly favor,Somewhat oppose,99,Yes,Doubts it is reliable
11082,1.2457,Republican,50-64,High school or less,Rural,Oklahoma,Strongly favor,Somewhat oppose,Somewhat oppose,No,Changes how the area looks
11083,0.9,Democrat,18-29,College graduate or more,Suburban,Louisiana,Strongly favor,Strongly favor,Strongly favor,No,No concerns
11084,1.1847,Independent,50-64,High school or less,Urban,Arkansas,Somewhat favor,Somewhat favor,Strongly oppose,No,No concerns
11085,1.3954,Independent,18-29,Some college,Suburban,Louisiana,Somewhat favor,Strongly oppose,Somewhat favor,No,Uses too much land
11086,0.4556,Democrat,65+,Some college,Suburban,Oklahoma,Strongly favor,Strongly favor,Somewhat favor,No,Something else
11087,0.7797,Democrat,65+,High school or less,Urban,Louisiana,Strongly favor,Strongly oppose,Somewhat oppose,No,Uses too much land
11088,0.5251,Democrat,30-49,College graduate or more,Urban,Texas,Strongly favor,Somewhat favor,Somewhat oppose,No,No concerns
11089,1.1963,Republican,30-49,Some college,Suburban,Missouri,Strongly favor,Somewhat oppose,Strongly oppose,No,Uses too much land
11090,0.424,Independent,65+,College graduate or more,Urban,Texas,Strongly favor,Strongly oppose,Somewhat oppose,No,Something else
11091,0.9856,Republican,65+,High school or less,Rural,Louisiana,Strongly oppose,Strongly oppose,Somewhat favor,No,Worried about property values
11092,0.7521,Democrat,65+,High school or less,Suburban,Louisiana,Strongly favor,Strongly oppose,Somewhat favor,No,Uses too much land
11093,0.4936,Independent,50-64,College graduate or more,Rural,Louisiana,Somewhat oppose,Somewhat oppose,Strongly oppose,No,Something else
11094,0.7912,Republican,50-64,High school or less,Suburban,Texas,Somewhat favor,Strongly oppose,Somewhat oppose,Yes,Doubts it is reliable
11095,0.6728,Republican,65+,Some college,Rural,Texas,Strongly favor,Strongly oppose,Somewhat oppose,No,Something else
11096,0.4289,Democrat,65+,Some college,Suburban,Texas,Strongly favor,Somewhat favor,Somewhat favor,No,No concerns
11097,0.8188,Democrat,50-64,Some college,Urban,Oklahoma,Somewhat favor,Somewhat favor,Somewhat favor,No,No concerns
11098,0.5007,Republican,65+,College graduate or more,Rural,Missouri,Strongly favor,Somewhat favor,Somewhat favor,No,Changes how the area looks
11099,1.5687,Independent,50-64,High school or less,Rural,Texas,Strongly favor,Somewhat favor,Somewhat oppose,No,No concerns
11100,1.6359,Independent,18-29,Some college,Suburban,Texas,Strongly oppose,Somewhat favor,Somewhat favor,No,Changes how the area looks
11101,1.1481,Republican,30-49,High school or less,Suburban,Missouri,Strongly favor,Strongly favor,Somewhat oppose,No,No concerns
11102,0.3463,Independent,65+,College graduate or more,Urban,Texas,Strongly favor,Somewhat favor,Somewhat oppose,No,No concerns
11103,0.5199,Republican,50-64,College graduate or more,Urban,Arkansas,Somewhat favor,Somewhat favor,Strongly favor,No,No concerns
11104,1.1515,Independent,50-64,High school or less,Rural,Texas,Somewhat oppose,Strongly oppose,Strongly oppose,No,Worried about property values
11105,1.1695,Democrat,18-29,Some college,Suburban,Louisiana,Strongly favor,Strongly favor,Strongly favor,No,No concerns
11106,0.9273,Republican,50-64,High school or less,Suburban,Texas,Strongly favor,Somewhat oppose,99,Yes,Something else
11107,0.822,Republican,65+,Some college,Rural,Texas,Somewhat oppose,Somewhat oppose,Somewhat oppose,No,Changes how the area looks
11108,1.1518,Republican,18-29,College graduate or more,Suburban,Texas,Strongly favor,Somewhat oppose,Somewhat oppose,Yes,Uses too much land
11109,0.7033,Independent,50-64,Some college,Rural,Oklahoma,Strongly favor,Somewhat oppose,Strongly oppose,No,Doubts it is reliable
11110,1.8384,Republican,30-49,High school or less,Suburban,Texas,Somewhat favor,Strongly oppose,Somewhat favor,No,Worried about property values
11111,0.7879,Democrat,30-49,Some college,Suburban,Louisiana,Strongly favor,Somewhat favor,Somewhat favor,No,No concerns
11112,1.6551,Republican,30-49,High school or less,Suburban,Louisiana,Somewhat favor,Somewhat favor,Somewhat favor,No,Worried about property values
11113,0.6534,Independent,50-64,Some college,Urban,Oklahoma,Somewhat oppose,Somewhat favor,Strongly oppose,No,No concerns
11114,0.4317,Democrat,50-64,College graduate or more,Rural,Louisiana,Somewhat favor,Somewhat favor,Somewhat favor,Yes,Something else
11115,0.7456,Republican,65+,Some college,Rural,Kansas,Strongly favor,Strongly favor,Somewhat oppose,Yes,No concerns
11116,1.342,Independent,65+,High school or less,Rural,Texas,Strongly favor,Strongly oppose,Somewhat oppose,No,Something else
11117,0.364,Republican,50-64,College graduate or more,Suburban,Oklahoma,Strongly favor,Somewhat oppose,Somewhat oppose,No,Uses too much land
11118,1.5067,Republican,30-49,Some college,Rural,Texas,Strongly favor,Strongly favor,Somewhat oppose,Yes,No concerns
11119,1.001,Republican,30-49,College graduate or more,Suburban,Kansas,Somewhat favor,Somewhat oppose,Somewhat oppose,Yes,Uses too much land
11120,1.4787,Republican,50-64,High school or less,Rural,Oklahoma,Somewhat oppose,Somewhat favor,Somewhat oppose,No,No concerns
11121,1.3118,Democrat,30-49,High school or less,Urban,Kansas,Strongly favor,Strongly favor,Somewhat favor,No,Something else
11122,0.6716,Democrat,50-64,Some college,Urban,Kansas,Strongly favor,Somewhat favor,Somewhat favor,No,Changes how the area looks
11123,0.5369,Independent,50-64,College graduate or more,Urban,Arkansas,Strongly favor,Somewhat favor,Strongly favor,No,Changes how the area looks
11124,0.5857,Democrat,65+,High school or less,Suburban,Texas,Somewhat favor,Somewhat favor,Somewhat favor,No,No concerns
11125,0.4907,Democrat,50-64,Some college,Suburban,Missouri,Strongly favor,Somewhat favor,Strongly favor,No,Changes how the area looks
11126,0.3983,Republican,65+,College graduate or more,Suburban,Texas,Somewhat oppose,Somewhat oppose,Strongly oppose,No,Changes how the area looks
11127,0.4379,Republican,65+,College graduate or more,Urban,Louisiana,Strongly oppose,Strongly oppose,Strongly favor,No,Doubts it is reliable
11128,0.4596,Republican,65+,College graduate or more,Suburban,Texas,Somewhat oppose,Strongly favor,Strongly oppose,No,No concerns
11129,0.8077,Independent,18-29,College graduate or more,Suburban,Missouri,Somewhat favor,Somewhat favor,Somewhat favor,No,Uses too much land
11130,1.6392,Democrat,30-49,High school or less,Urban,Oklahoma,Somewhat favor,Somewhat favor,Strongly favor,No,Uses too much land
11131,0.7376,Independent,50-64,Some college,Urban,Texas,Strongly favor,Strongly favor,Strongly oppose,No,No concerns
11132,0.5676,Democrat,50-64,Some college,Suburban,Kansas,Strongly favor,Somewhat favor,Strongly favor,No,Something else
11133,2.4384,Democrat,18-29,High school or less,Suburban,Texas,Somewhat favor,Strongly favor,Somewhat favor,No,Worried about property values
11134,0.8827,Republican,65+,Some college,Rural,Texas,Strongly favor,Somewhat oppose,Somewhat oppose,No,Doubts it is reliable
11135,1.1496,Democrat,50-64,High school or less,Suburban,Arkansas,Somewhat favor,Strongly favor,Somewhat favor,Yes,Changes how the area looks
11136,1.6439,Democrat,18-29,High school or less,Urban,Oklahoma,Strongly favor,Somewhat favor,Somewhat favor,No,Changes how the area looks
11137,0.4432,Republican,65+,College graduate or more,Suburban,Texas,Somewhat favor,Somewhat favor,Somewhat favor,No,No concerns
11138,0.9631,Independent,30-49,Some college,Rural,Texas,Strongly favor,Somewhat favor,Strongly oppose,No,Worried about property values
11139,0.5958,Democrat,65+,Some college,Urban,Texas,Strongly favor,Somewhat favor,Strongly favor,No,No concerns
11140,0.964,Republican,50-64,High school or less,Rural,Missouri,Somewhat favor,99,Somewhat oppose,No,Something else
11141,0.9302,Independent,30-49,Some college,Suburban,Louisiana,Strongly favor,Somewhat oppose,Somewhat favor,No,Uses too much land
11142,1.8134,Republican,18-29,High school or less,Suburban,Arkansas,Somewhat favor,Somewhat oppose,Strongly favor,No,Changes how the area looks
11143,0.6355,Republican,50-64,College graduate or more,Rural,Oklahoma,Strongly favor,Strongly oppose,Strongly oppose,No,Changes how the area looks
11144,0.7216,Democrat,50-64,Some college,Urban,Arkansas,Somewhat oppose,Somewhat favor,Somewhat favor,No,Uses too much land
11145,2.2407,Democrat,18-29,High school or less,Suburban,Texas,Strongly favor,Strongly favor,Strongly oppose,No,No concerns
11146,1.0255,Democrat,30-49,High school or less,Suburban,Louisiana,Somewhat favor,Somewhat favor,Strongly oppose,No,No concerns
11147,1.037,Democrat,30-49,Some college,Rural,Oklahoma,Strongly oppose,Somewhat favor,99,Yes,Uses too much land
11148,1.5282,Republican,50-64,High school or less,Suburban,Kansas,Strongly favor,Strongly oppose,Somewhat oppose,No,Changes how the area looks
11149,0.9513,Republican,50-64,High school or less,Suburban,Texas,Strongly oppose,Somewhat oppose,Somewhat oppose,No,Uses too much land
11150,0.5209,Democrat,65+,Some college,Urban,Louisiana,Somewhat favor,99,Strongly oppose,Yes,Changes how the area looks
11151,0.5261,Democrat,65+,Some college,Suburban,Oklahoma,Strongly favor,Somewhat favor,Somewhat favor,No,No concerns
11152,0.6855,Democrat,50-64,Some college,Suburban,Texas,Strongly favor,Somewhat favor,99,No,No concerns
11153,0.3919,Independent,50-64,College graduate or more,Rural,Texas,Somewhat favor,Somewhat favor,Somewhat oppose,Yes,Changes how the area looks
11154,1.2186,Republican,50-64,High school or less,Urban,Kansas,Strongly oppose,Somewhat favor,99,No,No concerns
11155,2.1968,Republican,18-29,High school or less,Rural,Oklahoma,Strongly oppose,Somewhat oppose,Strongly oppose,No,Changes how the area looks
11156,1.5102,Independent,30-49,High school or less,Urban,Texas,Somewhat favor,Somewhat favor,Somewhat oppose,No,Worried about property values
11157,0.8792,Democrat,50-64,High school or less,Suburban,Texas,Strongly favor,Somewhat favor,Somewhat oppose,No,Uses too much land
11158,0.7672,Republican,30-49,Some college,Suburban,Texas,Somewhat oppose,Strongly oppose,Somewhat favor,No,Changes how the area looks
11159,0.6324,Democrat,30-49,College graduate or more,Suburban,Oklahoma,Strongly favor,Somewhat favor,Strongly favor,Yes,Worried about property values
11160,0.8699,Democrat,30-49,Some college,Rural,Texas,Somewhat favor,Strongly favor,Strongly favor,No,Uses too much land
11161,1.1167,Republican,50-64,High school or less,Urban,Texas,Strongly favor,Somewhat favor,Strongly oppose,Yes,No concerns
11162,0.7261,Independent,30-49,College graduate or more,Rural,Kansas,Somewhat favor,Somewhat favor,Somewhat favor,No,No concerns
11163,0.5432,Democrat,65+,Some college,Rural,Texas,Somewhat oppose,Strongly favor,Strongly oppose,No,No concerns
11164,1.5323,Republican,30-49,High school or less,Suburban,Missouri,Somewhat oppose,Strongly favor,Somewhat oppose,No,No concerns
11165,0.7133,Republican,65+,Some college,Suburban,Arkansas,Strongly favor,Somewhat favor,Somewhat oppose,No,No concerns
11166,0.4967,Democrat,50-64,Some college,Suburban,Oklahoma,Strongly favor,Somewhat favor,Somewhat favor,No,No concerns
11167,0.3862,Democrat,50-64,College graduate or more,Suburban,Missouri,Somewhat favor,Somewhat favor,Somewhat favor,No,Uses too much land
11168,1.3578,Democrat,30-49,High school or less,Suburban,Texas,Somewhat favor,Somewhat favor,Somewhat favor,No,No concerns
11169,1.6759,Republican,18-29,Some college,Urban,Arkansas,Somewhat favor,Strongly favor,Somewhat favor,No,Something else
11170,0.9423,Republican,30-49,College graduate or more,Rural,Texas,Strongly favor,Somewhat favor,Somewhat oppose,No,No concerns
11171,1.4238,Republican,30-49,High school or less,Urban,Texas,Strongly oppose,Somewhat favor,Strongly oppose,No,No concerns
11172,0.6805,Independent,50-64,Some college,Urban,Kansas,Strongly favor,Strongly favor,Strongly favor,Yes,No concerns
11173,0.9059,Republican,50-64,Some college,Suburban,Texas,Strongly favor,Strongly favor,Strongly favor,No,Worried about property values
11174,0.8521,Republican,50-64,Some college,Rural,Texas,Somewhat oppose,Somewhat oppose,Somewhat oppose,No,Uses too much land
11175,1.0454,Independent,30-49,Some college,Urban,Oklahoma,Strongly favor,Strongly oppose,Strongly favor,No,Changes how the area looks
11176,0.5742,Republican,65+,Some college,Suburban,Arkansas,Somewhat favor,Somewhat favor,Somewhat oppose,No,No concerns
11177,1.3308,Democrat,18-29,Some college,Rural,Oklahoma,Strongly favor,Somewhat favor,Somewhat favor,Yes,No concerns
11178,1.2154,Republican,50-64,High school or less,Rural,Texas,Strongly favor,Strongly favor,Strongly oppose,No,No concerns
11179,1.8702,Republican,18-29,Some college,Urban,Oklahoma,Strongly favor,Strongly oppose,Somewhat oppose,No,Changes how the area looks
11180,0.5525,Independent,65+,College graduate or more,Suburban,Louisiana,Somewhat favor,Somewhat oppose,Somewhat oppose,No,Uses too much land
11181,1.1995,Republican,50-64,High school or less,Suburban,Louisiana,Strongly oppose,Somewhat oppose,Strongly favor,No,Worried about property values
11182,0.5635,Republican,65+,Some college,Rural,Arkansas,Somewhat favor,Strongly oppose,Strongly oppose,No,Uses too much land
11183,0.6988,Republican,50-64,Some college,Rural,Oklahoma,Somewhat favor,Somewhat favor,Strongly oppose,No,Worried about property values
11184,1.6647,Democrat,18-29,Some college,Suburban,Texas,Strongly favor,Somewhat favor,Somewhat favor,No,Uses too much land
11185,0.4273,Democrat,65+,Some college,Suburban,Oklahoma,Somewhat favor,Strongly favor,Somewhat favor,No,Changes how the area looks
11186,1.3071,Republican,30-49,High school or less,Suburban,Arkansas,Strongly favor,Strongly oppose,Strongly oppose,Yes,Something else
11187,1.709,Democrat,18-29,High school or less,Urban,Texas,Strongly favor,Somewhat favor,Somewhat favor,No,No concerns
11188,0.9309,Democrat,50-64,High school or less,Urban,Kansas,Somewhat oppose,Somewhat favor,Strongly favor,Yes,Worried about property values
11189,0.7162,Republican,65+,Some college,Rural,Texas,Somewhat oppose,Somewhat oppose,Somewhat oppose,No,Uses too much land
11190,0.8874,Democrat,65+,High school or less,Suburban,Texas,Strongly favor,Strongly favor,Somewhat oppose,No,No concerns
11191,1.7823,Democrat,18-29,High school or less,Suburban,Oklahoma,Somewhat favor,Strongly favor,Strongly favor,No,Uses too much land
11192,1.6832,Independent,30-49,High school or less,Suburban,Texas,Somewhat favor,Somewhat favor,Somewhat oppose,No,No concerns
11193,0.8351,Democrat,65+,High school or less,Rural,Texas,Somewhat favor,Strongly favor,Somewhat favor,No,Uses too much land
11194,1.0602,Democrat,18-29,Some college,Suburban,Texas,Somewhat favor,Somewhat favor,Strongly favor,No,No concerns
11195,0.9492,Independent,65+,High school or less,Rural,Oklahoma,Strongly favor,Somewhat favor,Somewhat oppose,No,No concerns
11196,1.9604,Democrat,18-29,High school or less,Rural,Louisiana,Somewhat favor,Somewhat favor,Strongly oppose,Yes,No concerns
11197,0.3375,Republican,50-64,College graduate or more,Suburban,Oklahoma,Somewhat oppose,Somewhat oppose,Somewhat oppose,No,Doubts it is reliable
11198,0.7608,Democrat,30-49,Some college,Suburban,Texas,Strongly favor,Somewhat favor,Strongly favor,No,No concerns
11199,1.1807,Independent,18-29,College graduate or more,Suburban,Kansas,Strongly favor,Somewhat favor,Strongly favor,No,Uses too much land
11200,1.1996,Republican,50-64,High school or less,Urban,Kansas,Somewhat favor,Somewhat oppose,Somewhat oppose,No,Worried about property values
11201,0.6272,Republican,65+,Some college,Suburban,Louisiana,Strongly oppose,Somewhat oppose,Somewhat oppose,Yes,Doubts it is reliable
11202,0.7465,Democrat,65+,High school or less,Suburban,Texas,Somewhat favor,Somewhat favor,Somewhat favor,No,No concerns
11203,1.2342,Independent,30-49,Some college,Rural,Oklahoma,Somewhat oppose,Strongly favor,Somewhat oppose,No,Uses too much land
11204,1.1984,Republican,30-49,Some college,Urban,Louisiana,Somewhat oppose,Strongly favor,Strongly favor,No,No concerns
11205,1.1017,Democrat,30-49,High school or less,Suburban,Oklahoma,Somewhat favor,Somewhat favor,Somewhat favor,No,No concerns
11206,0.7274,Independent,65+,Some college,Suburban,Texas,Somewhat oppose,Strongly favor,Somewhat oppose,No,No concerns
11207,0.8453,Democrat,65+,High school or less,Rural,Texas,Strongly favor,Somewhat favor,Somewhat favor,Yes,Something else
11208,0.579,Independent,30-49,College graduate or more,Suburban,Arkansas,Strongly favor,Somewhat favor,Strongly favor,No,No concerns
11209,0.6036,Democrat,30-49,College graduate or more,Rural,Texas,Strongly favor,Strongly favor,Strongly oppose,No,No concerns
11210,1.118,Independent,30-49,High school or less,Suburban,Texas,Strongly favor,Strongly favor,Somewhat favor,No,No concerns
11211,1.082,Democrat,30-49,Some college,Rural,Missouri,Somewhat favor,Somewhat favor,Somewhat favor,No,No concerns
11212,1.3615,Democrat,30-49,High school or less,Suburban,Arkansas,Somewhat favor,Strongly favor,Somewhat favor,No,No concerns
11213,0.7936,Independent,30-49,College graduate or more,Suburban,Texas,Strongly favor,Strongly oppose,Somewhat favor,No,Changes how the area looks
11214,1.1896,Republican,50-64,High school or less,Suburban,Texas,Somewhat favor,Strongly favor,Strongly favor,No,No concerns
11215,0.4856,Democrat,50-64,Some college,Urban,Texas,Somewhat favor,Somewhat favor,Somewhat favor,Yes,No concerns
11216,1.1913,Democrat,30-49,Some college,Rural,Missouri,Strongly favor,Somewhat favor,Strongly oppose,No,No concerns
11217,1.1772,Democrat,18-29,College graduate or more,Rural,Louisiana,Strongly favor,Somewhat favor,Strongly oppose,No,No concerns
11218,0.8111,Democrat,50-64,High school or less,Suburban,Texas,Strongly favor,Somewhat favor,Somewhat oppose,No,Uses too much land
11219,0.5989,Independent,50-64,College graduate or more,Suburban,Louisiana,Somewhat favor,Somewhat favor,Somewhat favor,No,Worried about property values
11220,0.387,Independent,65+,College graduate or more,Suburban,Texas,Strongly favor,Somewhat oppose,Strongly oppose,No,Uses too much land
11221,2.8251,Republican,18-29,High school or less,Urban,Oklahoma,Strongly oppose,99,Somewhat oppose,No,No concerns
11222,0.55,Democrat,50-64,College graduate or more,Rural,Oklahoma,Strongly favor,Strongly favor,Somewhat favor,No,No concerns
11223,0.4853,Republican,65+,Some college,Suburban,Louisiana,Strongly oppose,Strongly oppose,Strongly oppose,No,Worried about property values
11224,2.0055,Republican,30-49,High school or less,Rural,Kansas,Strongly favor,Strongly oppose,Somewhat oppose,No,Changes how the area looks
11225,0.6288,Democrat,18-29,College graduate or more,Urban,Missouri,Strongly favor,Strongly favor,Strongly oppose,No,No concerns
11226,1.0096,Democrat,50-64,High school or less,Suburban,Texas,Strongly favor,Somewhat favor,Strongly favor,No,No concerns
11227,0.5248,Independent,30-49,College graduate or more,Suburban,Louisiana,Somewhat favor,Somewhat favor,Somewhat favor,No,No concerns
11228,0.413,Democrat,50-64,College graduate or more,Suburban,Texas,Strongly favor,Strongly favor,Somewhat favor,No,No concerns
11229,0.5524,Democrat,65+,Some college,Suburban,Louisiana,Somewhat favor,Somewhat favor,Strongly favor,No,No concerns
11230,0.5246,Republican,65+,Some college,Urban,Texas,Somewhat favor,Somewhat favor,Somewhat oppose,No,Worried about property values
11231,0.5275,Democrat,65+,Some college,Suburban,Louisiana,Strongly favor,Somewhat favor,Somewhat favor,No,No concerns
11232,0.9106,Republican,30-49,Some college,Suburban,Kansas,Strongly favor,Somewhat oppose,Strongly favor,Yes,Uses too much land
11233,0.6729,Independent,50-64,Some college,Urban,Arkansas,Strongly favor,Strongly favor,Strongly oppose,No,Something else
11234,1.5893,Democrat,18-29,Some college,Rural,Louisiana,Somewhat favor,Somewhat favor,Strongly oppose,Yes,No concerns
11235,0.9555,Republican,30-49,Some college,Suburban,Texas,Somewhat favor,Strongly favor,99,Yes,Worried about property values
11236,0.9519,Democrat,30-49,Some college,Urban,Texas,Strongly favor,Somewhat favor,Somewhat favor,No,Uses too much land
11237,2.0392,Democrat,18-29,High school or less,Urban,Arkansas,Strongly favor,Somewhat favor,Somewhat favor,No,Worried about property values
11238,1.5437,Democrat,30-49,High school or less,Rural,Texas,Strongly favor,Somewhat favor,Somewhat favor,No,Something else
11239,1.9256,Democrat,18-29,High school or less,Suburban,Oklahoma,Somewhat favor,Strongly favor,Strongly favor,No,Worried about property values
11240,3.3789,Republican,18-29,High school or less,Urban,Arkansas,Strongly favor,Strongly favor,Somewhat oppose,No,No concerns
11241,1.0352,Democrat,50-64,Some college,Rural,Texas,Strongly favor,99,Somewhat oppose,Yes,Uses too much land
11242,0.6757,Democrat,50-64,High school or less,Suburban,Texas,Strongly favor,Somewhat favor,Somewhat oppose,No,Worried about property values
11243,0.982,Democrat,30-49,Some college,Rural,Texas,Somewhat favor,Somewhat favor,99,No,No concerns
11244,0.5148,Democrat,65+,Some college,Urban,Arkansas,Somewhat favor,Somewhat favor,Somewhat favor,Yes,No concerns
11245,0.939,Independent,30-49,Some college,Suburban,Kansas,Somewhat favor,Somewhat favor,Somewhat favor,No,No concerns
11246,0.8955,Democrat,30-49,Some college,Suburban,Kansas,Strongly oppose,Somewhat favor,Somewhat favor,No,No concerns
11247,0.5646,Independent,50-64,College graduate or more,Urban,Missouri,Strongly favor,99,Somewhat favor,No,Worried about property values
11248,0.3623,Independent,50-64,College graduate or more,Suburban,Missouri,Strongly favor,Somewhat favor,Strongly oppose,No,No concerns
11249,1.0963,Independent,50-64,Some college,Rural,Arkansas,Strongly favor,Strongly oppose,Strongly favor,Yes,Uses too much land
11250,0.4938,Democrat,30-49,College graduate or more,Urban,Oklahoma,Strongly favor,Somewhat favor,Somewhat favor,No,Worried about property values
11251,2.0515,Democrat,18-29,Some college,Urban,Missouri,Strongly favor,Somewhat favor,Strongly favor,No,Changes how the area looks
11252,1.0421,Democrat,30-49,High school or less,Suburban,Oklahoma,Strongly favor,Somewhat favor,Strongly favor,No,No concerns
11253,0.9726,Democrat,30-49,High school or less,Suburban,Louisiana,Strongly favor,Somewhat favor,Strongly favor,No,No concerns
11254,0.5135,Republican,50-64,College graduate or more,Rural,Texas,Strongly oppose,Somewhat oppose,Somewhat favor,No,Uses too much land
11255,0.5748,Republican,50-64,College graduate or more,Rural,Texas,Strongly oppose,Somewhat favor,99,No,Something else
11256,0.9316,Independent,65+,High school or less,Urban,Oklahoma,Strongly favor,Somewhat favor,Strongly favor,No,No concerns
11257,1.6354,Republican,30-49,High school or less,Suburban,Arkansas,Strongly oppose,99,Somewhat oppose,No,No concerns
11258,1.1873,Republican,18-29,College graduate or more,Suburban,Texas,Strongly favor,Somewhat oppose,99,Yes,Uses too much land
11259,0.5387,Republican,50-64,College graduate or more,Suburban,Arkansas,Strongly favor,Strongly oppose,Somewhat favor,No,Uses too much land
11260,1.2338,Democrat,30-49,High school or less,Suburban,Texas,Somewhat favor,Somewhat favor,Somewhat favor,No,Changes how the area looks
11261,1.3327,Republican,65+,High school or less,Suburban,Texas,Somewhat favor,Somewhat favor,Strongly favor,No,No concerns
11262,0.6014,Republican,65+,Some college,Urban,Missouri,Strongly oppose,Somewhat oppose,Somewhat favor,No,Changes how the area looks
11263,0.7436,Democrat,50-64,High school or less,Suburban,Texas,Strongly favor,Somewhat favor,Strongly oppose,No,No concerns
11264,0.5055,Democrat,30-49,College graduate or more,Urban,Kansas,Strongly favor,Somewhat favor,Strongly favor,No,Something else
11265,0.4859,Democrat,65+,Some college,Suburban,Texas,Strongly favor,Somewhat favor,Strongly favor,No,No concerns
11266,1.143,Republican,65+,High school or less,Suburban,Missouri,Strongly favor,Strongly oppose,Strongly oppose,No,Changes how the area looks
11267,0.524,Democrat,65+,High school or less,Suburban,Oklahoma,Strongly favor,Somewhat favor,Strongly favor,Yes,Worried about property values
11268,1.5053,Republican,30-49,High school or less,Suburban,Texas,Somewhat favor,Strongly oppose,Somewhat favor,No,Changes how the area looks
11269,0.838,Democrat,65+,High school or less,Suburban,Texas,Strongly favor,Somewhat oppose,Strongly oppose,No,Uses too much land
11270,0.7058,Republican,65+,Some college,Suburban,Oklahoma,Strongly favor,Somewhat favor,Somewhat oppose,No,No concerns
11271,1.0034,Republican,30-49,Some college,Urban,Oklahoma,Somewhat favor,Somewhat favor,Strongly favor,No,No concerns
11272,0.5121,Independent,65+,College graduate or more,Rural,Texas,Strongly favor,Strongly oppose,Somewhat oppose,Yes,Uses too much land
11273,0.5105,Republican,50-64,College graduate or more,Suburban,Louisiana,Strongly favor,Somewhat favor,Somewhat oppose,No,No concerns
11274,0.4203,Independent,50-64,College graduate or more,Suburban,Oklahoma,Strongly favor,Strongly favor,Strongly favor,No,Uses too much land
11275,0.4043,Democrat,65+,College graduate or more,Urban,Texas,Strongly favor,Strongly favor,Strongly favor,No,No concerns
11276,0.4253,Republican,50-64,College graduate or more,Urban,Louisiana,Strongly favor,Somewhat oppose,Strongly oppose,No,Uses too much land
11277,0.4818,Republican,50-64,College graduate or more,Suburban,Arkansas,Strongly favor,Somewhat oppose,Somewhat favor,No,Changes how the area looks
11278,1.3598,Democrat,18-29,High school or less,Urban,Kansas,Somewhat favor,Somewhat favor,Strongly favor,Yes,Worried about property values
11279,3.1257,Independent,18-29,High school or less,Rural,Oklahoma,Strongly favor,Strongly favor,Strongly oppose,No,No concerns
11280,0.6443,Democrat,30-49,Some college,Suburban,Texas,Somewhat favor,Somewhat favor,Strongly favor,No,No concerns
11281,0.2772,Independent,65+,College graduate or more,Suburban,Kansas,Strongly favor,Somewhat favor,Strongly favor,No,No concerns
11282,1.338,Republican,30-49,High school or less,Suburban,Texas,Strongly oppose,Somewhat oppose,Somewhat oppose,No,Uses too much land
11283,0.7926,Independent,65+,Some college,Rural,Oklahoma,Strongly favor,Strongly oppose,Somewhat oppose,No,Uses too much land
11284,0.4492,Democrat,30-49,College graduate or more,Suburban,Oklahoma,Strongly favor,Somewhat favor,Strongly favor,Yes,Changes how the area looks
11285,0.9163,Independent,50-64,High school or less,Suburban,Texas,Somewhat oppose,Strongly favor,Somewhat favor,No,No concerns
11286,0.7224,Democrat,50-64,High school or less,Urban,Oklahoma,Strongly favor,Somewhat favor,Somewhat oppose,No,No concerns
11287,0.3031,Democrat,65+,College graduate or more,Suburban,Texas,Somewhat favor,Somewhat favor,Somewhat favor,No,No concerns
11288,1.1469,Independent,18-29,College graduate or more,Urban,Texas,Strongly favor,Somewhat favor,Strongly favor,No,Uses too much land
11289,1.4452,Republican,30-49,High school or less,Suburban,Texas,Somewhat favor,Somewhat oppose,Strongly favor,No,Worried about property values
11290,0.5359,Republican,65+,Some college,Suburban,Oklahoma,Somewhat oppose,Somewhat oppose,Somewhat oppose,No,Uses too much land
11291,1.578,Democrat,18-29,High school or less,Suburban,Texas,Somewhat oppose,Somewhat favor,99,No,No concerns
11292,0.3312,Democrat,50-64,College graduate or more,Rural,Texas,Somewhat favor,Somewhat favor,Strongly favor,No,No concerns
11293,0.4533,Democrat,30-49,College graduate or more,Urban,Texas,Strongly favor,Strongly favor,Somewhat favor,No,Worried about property values
11294,0.6055,Democrat,50-64,Some college,Suburban,Missouri,Somewhat favor,Somewhat favor,Somewhat favor,No,No concerns
11295,0.3928,Democrat,30-49,College graduate or more,Urban,Texas,Somewhat favor,Strongly favor,Somewhat favor,No,Something else
11296,1.1175,Independent,30-49,High school or less,Suburban,Texas,Strongly favor,Somewhat oppose,99,No,Doubts it is reliable
11297,1.2114,Independent,30-49,High school or less,Urban,Louisiana,Strongly favor,Somewhat favor,Strongly favor,No,Changes how the area looks
11298,1.1596,Republican,30-49,High school or less,Suburban,Arkansas,Somewhat oppose,Strongly oppose,Somewhat oppose,No,Doubts it is reliable
11299,0.4763,Independent,50-64,College graduate or more,Suburban,Texas,Strongly favor,Somewhat favor,Somewhat oppose,No,No concerns
11300,2.2524,Independent,18-29,High school or less,Suburban,Texas,Strongly favor,Strongly favor,Strongly oppose,No,No concerns
11301,0.8997,Republican,50-64,Some college,Suburban,Oklahoma,Somewhat oppose,Somewhat oppose,Strongly oppose,No,Uses too much land
11302,1.1839,Republican,18-29,College graduate or more,Urban,Texas,Somewhat oppose,Strongly oppose,Somewhat favor,No,Something else
11303,0.7213,Democrat,65+,High school or less,Urban,Arkansas,Strongly favor,Strongly favor,Somewhat favor,Yes,Uses too much land
11304,1.5348,Democrat,18-29,Some college,Rural,Louisiana,Somewhat favor,Strongly oppose,Somewhat favor,No,Changes how the area looks
11305,1.0647,Independent,65+,High school or less,Urban,Louisiana,Strongly favor,Somewhat favor,Somewhat favor,No,No concerns
11306,0.4729,Democrat,65+,Some college,Urban,Arkansas,Strongly favor,Strongly favor,Strongly oppose,No,Changes how the area looks
11307,0.4524,Independent,30-49,College graduate or more,Suburban,Texas,Somewhat favor,Strongly favor,Strongly favor,No,No concerns
11308,1.676,Republican,30-49,High school or less,Urban,Arkansas,Strongly favor,Strongly oppose,Strongly oppose,No,Uses too much land
11309,1.5093,Republican,30-49,High school or less,Suburban,Louisiana,Somewhat oppose,Somewhat favor,Strongly oppose,No,Worried about property values
11310,0.3691,Democrat,65+,College graduate or more,Suburban,Arkansas,Strongly favor,Strongly favor,Somewhat favor,No,Something else
11311,1.4111,Independent,50-64,High school or less,Suburban,Texas,Somewhat oppose,Somewhat oppose,Somewhat favor,No,Changes how the area looks
11312,0.6512,Democrat,50-64,Some college,Suburban,Arkansas,Strongly favor,Somewhat favor,Strongly favor,No,No concerns
11313,1.6413,Republican,30-49,High school or less,Suburban,Oklahoma,Somewhat favor,Somewhat favor,Strongly oppose,Yes,Uses too much land
11314,0.646,Independent,30-49,College graduate or more,Suburban,Missouri,Somewhat favor,Strongly favor,Somewhat favor,Yes,Changes how the area looks
11315,1.2113,Independent,18-29,College graduate or more,Suburban,Texas,Somewhat favor,Somewhat favor,Somewhat oppose,No,Worried about property values
11316,0.3408,Democrat,65+,College graduate or more,Suburban,Louisiana,Strongly favor,Strongly favor,Somewhat favor,Yes,No concerns
11317,1.0101,Republican,30-49,Some college,Suburban,Texas,Somewhat favor,Somewhat oppose,Strongly favor,No,Uses too much land
11318,0.7817,Republican,65+,High school or less,Suburban,Texas,Somewhat favor,Strongly oppose,Somewhat favor,No,Changes how the area looks
11319,1.2722,Republican,18-29,Some college,Urban,Texas,Somewhat favor,Somewhat favor,Somewhat oppose,No,No concerns
11320,0.5455,Democrat,50-64,Some college,Urban,Arkansas,Strongly favor,Somewhat favor,Strongly favor,No,Uses too much land
11321,0.5079,Republican,50-64,College graduate or more,Suburban,Oklahoma,Somewhat favor,99,Strongly oppose,Yes,Uses too much land
11322,1.0077,Republican,50-64,High school or less,Suburban,Kansas,Strongly oppose,99,Somewhat oppose,Yes,No concerns
11323,0.381,Democrat,50-64,College graduate or more,Suburban,Oklahoma,Strongly favor,Somewhat favor,Somewhat favor,No,Uses too much land
11324,0.7016,Republican,30-49,College graduate or more,Suburban,Arkansas,Somewhat favor,Strongly favor,Somewhat favor,No,No concerns
11325,0.4744,Independent,30-49,College graduate or more,Suburban,Missouri,Somewhat favor,Somewhat favor,Strongly favor,No,Worried about property values
11326,0.7622,Independent,50-64,High school or less,Suburban,Arkansas,Somewhat favor,Strongly favor,Strongly oppose,No,Changes how the area looks
11327,0.6827,Democrat,65+,High school or less,Urban,Arkansas,Strongly favor,Somewhat favor,Strongly favor,No,Changes how the area looks
11328,1.6501,Democrat,18-29,High school or less,Suburban,Oklahoma,Strongly favor,Strongly favor,Somewhat favor,Yes,Uses too much land
11329,0.7554,Democrat,50-64,High school or less,Urban,Oklahoma,Somewhat oppose,Somewhat favor,Strongly favor,No,Worried about property values
11330,1.4196,Democrat,30-49,High school or less,Suburban,Oklahoma,Somewhat favor,Somewhat favor,Strongly favor,No,No concerns
11331,0.4341,Independent,65+,College graduate or more,Rural,Louisiana,Strongly favor,Somewhat favor,Strongly oppose,No,Uses too much land
11332,0.7003,Democrat,50-64,Some college,Suburban,Texas,Strongly favor,Strongly favor,Strongly favor,No,No concerns
11333,1.5392,Independent,50-64,High school or less,Rural,Texas,Strongly favor,99,Strongly oppose,No,Changes how the area looks
11334,1.3804,Republican,18-29,Some college,Suburban,Missouri,Strongly favor,Somewhat favor,Somewhat favor,No,No concerns
11335,1.1683,Independent,30-49,High school or less,Suburban,Texas,Strongly favor,Somewhat favor,Somewhat oppose,No,No concerns
11336,0.9321,Democrat,50-64,Some college,Urban,Oklahoma,Somewhat favor,Somewhat favor,Somewhat favor,Yes,No concerns
11337,0.6878,Republican,50-64,Some college,Suburban,Louisiana,Strongly favor,Somewhat oppose,Strongly oppose,Yes,Worried about property values
11338,0.345,Independent,65+,College graduate or more,Suburban,Texas,Strongly favor,Somewhat favor,Somewhat favor,No,Changes how the area looks
11339,0.5751,Republican,50-64,College graduate or more,Rural,Oklahoma,Strongly favor,Strongly favor,Strongly oppose,Yes,No concerns
11340,0.3486,Independent,50-64,College graduate or more,Urban,Texas,Somewhat favor,Somewhat favor,Somewhat oppose,No,No concerns
11341,1.8453,Republican,18-29,Some college,Urban,Oklahoma,Somewhat favor,Strongly favor,Somewhat oppose,No,Something else
11342,3.3822,Republican,18-29,High school or less,Suburban,Texas,Strongly oppose,Strongly oppose,Somewhat oppose,No,Uses too much land
11343,1.6083,Democrat,30-49,High school or less,Suburban,Texas,Strongly favor,Somewhat favor,Strongly favor,No,Changes how the area looks
11344,0.87,Independent,65+,High school or less,Suburban,Louisiana,Somewhat oppose,Strongly oppose,Somewhat oppose,No,Changes how the area looks
11345,0.4415,Republican,50-64,College graduate or more,Urban,Texas,Strongly favor,Strongly favor,Strongly oppose,No,Worried about property values
11346,0.9272,Independent,18-29,College graduate or more,Suburban,Texas,Somewhat oppose,Somewhat favor,Somewhat favor,No,Uses too much land
11347,2.155,Republican,30-49,High school or less,Urban,Texas,Strongly oppose,Somewhat oppose,Somewhat favor,Yes,Doubts it is reliable
11348,0.7388,Republican,65+,Some college,Suburban,Missouri,Strongly oppose,Strongly oppose,Somewhat oppose,No,Something else
11349,0.6303,Republican,30-49,College graduate or more,Rural,Louisiana,Strongly oppose,99,99,No,Something else
11350,1.7387,Democrat,18-29,High school or less,Suburban,Kansas,Strongly favor,Somewhat favor,Somewhat favor,No,No concerns
11351,1.8245,Republican,18-29,Some college,Suburban,Texas,Somewhat favor,Somewhat oppose,Somewhat oppose,No,Something else
11352,1.1175,Democrat,30-49,High school or less,Urban,Louisiana,Strongly favor,Strongly favor,Somewhat oppose,Yes,Uses too much land
11353,2.3215,Democrat,18-29,High school or less,Suburban,Texas,Somewhat favor,Strongly favor,Somewhat favor,No,Uses too much land
11354,0.3638,Independent,50-64,College graduate or more,Suburban,Texas,Somewhat favor,Somewhat favor,Strongly favor,No,Changes how the area looks
11355,1.4994,Independent,30-49,High school or less,Urban,Texas,Strongly oppose,Strongly favor,Strongly favor,Yes,Changes how the area looks
11356,0.488,Democrat,18-29,College graduate or more,Urban,Oklahoma,Somewhat favor,Somewhat favor,Somewhat favor,No,No concerns
11357,0.8385,Democrat,18-29,College graduate or more,Suburban,Arkansas,Strongly favor,Somewhat favor,Strongly favor,No,Changes how the area looks
11358,1.2079,Democrat,30-49,High school or less,Suburban,Texas,Strongly favor,Strongly favor,Somewhat favor,No,No concerns
11359,1.6628,Republican,30-49,High school or less,Rural,Missouri,Somewhat oppose,99,Somewhat oppose,Yes,Something else
11360,0.7835,Independent,65+,Some college,Urban,Texas,Strongly favor,Strongly favor,Somewhat favor,No,No concerns
11361,1.2013,Independent,50-64,High school or less,Rural,Kansas,Somewhat oppose,Strongly favor,Somewhat oppose,No,No concerns
11362,0.4973,Republican,50-64,College graduate or more,Suburban,Arkansas,Strongly favor,Somewhat oppose,Strongly favor,No,Changes how the area looks
11363,0.7236,Independent,50-64,Some college,Urban,Arkansas,Strongly favor,Strongly favor,Somewhat oppose,No,Something else
11364,0.5426,Democrat,30-49,College graduate or more,Suburban,Arkansas,Strongly favor,Strongly favor,Somewhat favor,No,No concerns
11365,0.4022,Democrat,50-64,College graduate or more,Rural,Texas,Strongly favor,Strongly oppose,Strongly oppose,No,Changes how the area looks
11366,0.5033,Republican,65+,College graduate or more,Suburban,Kansas,Strongly favor,Somewhat oppose,Strongly oppose,No,Changes how the area looks
11367,0.6825,Republican,18-29,College graduate or more,Urban,Oklahoma,Somewhat favor,Strongly favor,Strongly favor,No,Worried about property values
11368,1.382,Republican,50-64,High school or less,Suburban,Arkansas,Somewhat oppose,Somewhat oppose,Strongly oppose,Yes,Uses too much land
11369,1.3719,Republican,30-49,Some college,Rural,Arkansas,Strongly favor,Somewhat oppose,Strongly oppose,No,Changes how the area looks
11370,0.3981,Independent,50-64,College graduate or more,Suburban,Oklahoma,Strongly favor,Strongly oppose,Strongly oppose,Yes,Something else
11371,1.8855,Republican,18-29,Some college,Urban,Louisiana,Somewhat favor,Somewhat favor,Somewhat oppose,No,No concerns
11372,1.0725,Independent,30-49,College graduate or more,Rural,Texas,Strongly favor,Strongly favor,Strongly oppose,Yes,Changes how the area looks
11373,0.6334,Independent,30-49,College graduate or more,Suburban,Texas,Strongly favor,99,Strongly favor,No,No concerns
11374,0.3294,Democrat,65+,College graduate or more,Suburban,Louisiana,Strongly favor,Strongly favor,Somewhat favor,No,No concerns
11375,1.944,Independent,18-29,High school or less,Suburban,Arkansas,Somewhat favor,Strongly favor,Strongly favor,No,No concerns
11376,1.9525,Independent,18-29,Some college,Rural,Oklahoma,Somewhat oppose,Somewhat favor,Somewhat oppose,No,Worried about property values
11377,0.5855,Democrat,65+,High school or less,Suburban,Arkansas,Strongly oppose,Strongly oppose,Somewhat favor,No,Changes how the area looks
11378,1.6923,Democrat,18-29,Some college,Suburban,Texas,Strongly favor,Strongly favor,Strongly favor,No,No concerns
11379,2.4279,Democrat,18-29,High school or less,Rural,Kansas,Strongly favor,Somewhat favor,Somewhat oppose,No,No concerns
11380,1.2182,Republican,18-29,College graduate or more,Suburban,Louisiana,Somewhat favor,Somewhat favor,Somewhat favor,No,Uses too much land
11381,0.6029,Democrat,50-64,High school or less,Suburban,Texas,Strongly favor,Strongly favor,Somewhat favor,No,No concerns
11382,0.6222,Independent,30-49,College graduate or more,Urban,Texas,Somewhat favor,Somewhat favor,Somewhat oppose,No,No concerns
11383,0.5575,Independent,50-64,Some college,Urban,Texas,Somewhat favor,Strongly favor,Strongly favor,No,Uses too much land
11384,0.5198,Republican,50-64,College graduate or more,Urban,Texas,Somewhat favor,Strongly oppose,Strongly oppose,Yes,Worried about property values
11385,0.7869,Democrat,50-64,High school or less,Suburban,Louisiana,Strongly favor,Somewhat favor,Strongly favor,No,Changes how the area looks
11386,1.3558,Republican,18-29,Some college,Urban,Texas,Somewhat oppose,Somewhat favor,Somewhat oppose,Yes,Something else
11387,1.3218,Democrat,18-29,Some college,Suburban,Texas,Somewhat favor,Strongly favor,Somewhat favor,No,No concerns
11388,1.2877,Republican,30-49,High school or less,Suburban,Louisiana,Strongly favor,Strongly oppose,Strongly oppose,No,Doubts it is reliable
11389,1.0507,Democrat,30-49,Some college,Rural,Louisiana,Strongly favor,Somewhat favor,Strongly oppose,No,No concerns
11390,1.3818,Democrat,50-64,High school or less,Rural,Arkansas,Somewhat oppose,Strongly favor,Strongly favor,No,No concerns
11391,1.8358,Republican,18-29,Some college,Suburban,Texas,Somewhat favor,Somewhat oppose,Strongly oppose,No,Changes how the area looks
11392,1.1721,Republican,65+,High school or less,Rural,Texas,Somewhat oppose,Somewhat oppose,Somewhat oppose,No,Uses too much land
11393,1.1453,Democrat,18-29,Some college,Suburban,Louisiana,Strongly favor,99,Somewhat favor,No,No concerns
11394,0.8987,Independent,30-49,Some college,Urban,Arkansas,Strongly favor,Somewhat favor,Somewhat favor,No,Worried about property values
11395,1.681,Democrat,18-29,Some college,Suburban,Missouri,Somewhat favor,Somewhat favor,Strongly favor,Yes,Changes how the area looks
11396,0.4427,Democrat,50-64,College graduate or more,Urban,Texas,Strongly favor,Strongly favor,Somewhat favor,No,No concerns
11397,0.7197,Democrat,18-29,College graduate or more,Suburban,Texas,Somewhat favor,Strongly favor,Strongly favor,No,No concerns
11398,0.4118,Democrat,65+,College graduate or more,Rural,Texas,Strongly favor,Somewhat favor,Strongly oppose,No,Uses too much land
11399,1.3185,Independent,30-49,High school or less,Urban,Oklahoma,Strongly favor,Strongly favor,Strongly favor,No,Something else
11400,0.5284,Republican,65+,College graduate or more,Rural,Arkansas,Strongly favor,Somewhat oppose,Somewhat oppose,No,Something else
11401,1.7011,Republican,30-49,High school or less,Rural,Missouri,Somewhat favor,Strongly oppose,Somewhat oppose,Yes,Uses too much land
11402,0.8127,Democrat,65+,High school or less,Rural,Oklahoma,Strongly favor,Somewhat favor,Somewhat favor,Yes,Uses too much land
11403,0.6288,Independent,50-64,Some college,Suburban,Oklahoma,Somewhat favor,Strongly oppose,Strongly oppose,No,Changes how the area looks
11404,0.3532,Republican,65+,College graduate or more,Suburban,Louisiana,Strongly oppose,Strongly oppose,Somewhat oppose,Yes,Doubts it is reliable
11405,0.8809,Independent,30-49,Some college,Urban,Louisiana,Somewhat favor,Strongly favor,Somewhat oppose,No,No concerns
11406,1.1036,Republican,30-49,Some college,Rural,Texas,Somewhat favor,Somewhat oppose,Somewhat oppose,No,Doubts it is reliable
11407,0.3831,Democrat,65+,College graduate or more,Suburban,Texas,Strongly favor,Strongly favor,Strongly favor,No,No concerns
11408,0.3491,Democrat,50-64,College graduate or more,Urban,Texas,Somewhat favor,Strongly oppose,Somewhat oppose,Yes,Uses too much land
11409,1.2244,Independent,30-49,Some college,Rural,Louisiana,Somewhat favor,Strongly favor,Strongly favor,No,Worried about property values
11410,0.4661,Democrat,65+,College graduate or more,Rural,Texas,Somewhat favor,Somewhat favor,Somewhat favor,No,No concerns
11411,0.862,Independent,18-29,College graduate or more,Suburban,Louisiana,Strongly favor,Somewhat favor,Strongly oppose,No,No concerns
11412,2.4424,Independent,18-29,High school or less,Suburban,Texas,Strongly favor,Somewhat favor,Somewhat favor,No,Worried about property values
11413,0.4208,Democrat,65+,College graduate or more,Urban,Louisiana,Strongly favor,Somewhat oppose,Strongly favor,Yes,Worried about property values
11414,0.8619,Independent,30-49,Some college,Urban,Oklahoma,Strongly favor,Somewhat favor,Somewhat favor,No,No concerns
11415,0.7708,Republican,30-49,Some college,Urban,Texas,Somewhat oppose,Strongly oppose,Somewhat oppose,No,Changes how the area looks
11416,1.0858,Democrat,30-49,High school or less,Suburban,Missouri,Strongly favor,Strongly favor,Somewhat favor,No,No concerns
11417,1.1769,Democrat,30-49,High school or less,Suburban,Texas,Somewhat favor,Somewhat favor,Strongly favor,No,Uses too much land
11418,0.9578,Democrat,50-64,High school or less,Suburban,Texas,Strongly favor,Strongly favor,Somewhat favor,No,Uses too much land
11419,0.907,Republican,50-64,Some college,Urban,Oklahoma,Somewhat favor,Somewhat oppose,Somewhat oppose,No,Uses too much land
11420,0.7019,Independent,30-49,College graduate or more,Urban,Kansas,Somewhat favor,Somewhat oppose,Somewhat favor,No,Something else
11421,0.7503,Republican,65+,Some college,Suburban,Texas,Strongly favor,Somewhat oppose,Somewhat oppose,No,Uses too much land
11422,0.8412,Democrat,30-49,Some college,Suburban,Oklahoma,Somewhat favor,Somewhat favor,Strongly favor,No,No concerns
11423,0.948,Republican,50-64,High school or less,Suburban,Arkansas,Strongly favor,Strongly oppose,Strongly oppose,No,Doubts it is reliable
11424,1.453,Independent,30-49,High school or less,Rural,Arkansas,Strongly oppose,Somewhat oppose,Somewhat favor,Yes,Something else
11425,0.7847,Democrat,18-29,College graduate or more,Urban,Texas,Somewhat favor,Strongly favor,Somewhat favor,No,Something else
11426,1.5039,Republican,18-29,Some college,Urban,Texas,Strongly favor,Somewhat favor,Somewhat favor,No,No concerns
11427,2.3864,Republican,18-29,High school or less,Suburban,Arkansas,Strongly favor,Somewhat oppose,Strongly favor,Yes,Doubts it is reliable
11428,0.4512,Republican,50-64,College graduate or more,Urban,Texas,Strongly favor,Strongly favor,Strongly oppose,No,No concerns
11429,1.3924,Democrat,30-49,High school or less,Suburban,Texas,Somewhat favor,Strongly favor,Somewhat favor,No,No concerns
11430,0.7211,Independent,50-64,Some college,Urban,Texas,Strongly oppose,Somewhat oppose,Somewhat oppose,No,Worried about property values
11431,0.7273,Republican,65+,Some college,Rural,Missouri,Strongly favor,Strongly oppose,Somewhat oppose,Yes,Changes how the area looks
11432,0.6167,Democrat,65+,High school or less,Suburban,Kansas,Somewhat favor,Strongly favor,Strongly oppose,No,Something else
11433,0.8207,Democrat,18-29,College graduate or more,Urban,Texas,Somewhat favor,Somewhat favor,Somewhat favor,No,No concerns
11434,1.1428,Independent,50-64,High school or less,Urban,Oklahoma,Somewhat favor,Strongly favor,Strongly favor,No,No concerns
11435,0.5592,Republican,30-49,College graduate or more,Suburban,Kansas,Somewhat favor,Somewhat oppose,Strongly favor,No,Changes how the area looks
11436,0.4315,Independent,65+,Some college,Suburban,Texas,Strongly favor,Somewhat favor,Somewhat favor,No,No concerns
11437,0.4562,Democrat,65+,High school or less,Suburban,Oklahoma,Somewhat favor,Strongly favor,Strongly favor,No,Something else
11438,0.9299,Republican,50-64,High school or less,Suburban,Oklahoma,Somewhat oppose,Somewhat oppose,Strongly oppose,No,Uses too much land
11439,0.5896,Independent,65+,Some college,Suburban,Texas,Strongly favor,Somewhat oppose,Strongly oppose,No,Doubts it is reliable
11440,0.4956,Independent,65+,Some college,Urban,Missouri,Somewhat favor,Somewhat oppose,Strongly favor,No,Uses too much land
11441,0.7057,Republican,65+,High school or less,Urban,Texas,Somewhat oppose,Strongly oppose,Strongly favor,No,Worried about property values
11442,1.0069,Independent,65+,Some college,Rural,Kansas,Somewhat favor,Somewhat favor,Somewhat oppose,No,No concerns
11443,0.4166,Independent,65+,College graduate or more,Rural,Oklahoma,Somewhat favor,Strongly oppose,Somewhat oppose,Yes,Doubts it is reliable
11444,0.6216,Republican,65+,Some college,Suburban,Missouri,Somewhat oppose,Strongly oppose,Somewhat oppose,No,Uses too much land
11445,0.5472,Republican,50-64,College graduate or more,Suburban,Kansas,Somewhat oppose,Somewhat favor,Somewhat oppose,No,Something else
11446,1.4035,Independent,30-49,High school or less,Rural,Texas,Strongly favor,Somewhat oppose,Somewhat oppose,No,Changes how the area looks
11447,1.5574,Democrat,30-49,High school or less,Suburban,Texas,Strongly favor,Strongly favor,Somewhat favor,No,No concerns
11448,0.8958,Independent,30-49,Some college,Urban,Texas,Somewhat favor,Somewhat favor,Somewhat oppose,No,Worried about property values
11449,0.7782,Republican,30-49,College graduate or more,Suburban,Oklahoma,Strongly favor,Somewhat favor,Somewhat favor,No,Uses too much land
11450,1.0549,Democrat,50-64,High school or less,Urban,Missouri,Somewhat favor,Somewhat favor,Somewhat favor,No,Uses too much land
11451,1.6045,Republican,30-49,High school or less,Suburban,Kansas,Somewhat favor,Strongly oppose,Strongly oppose,No,Something else
11452,0.882,Democrat,65+,High school or less,Suburban,Texas,Strongly favor,Strongly favor,Strongly favor,No,No concerns
11453,0.5413,Independent,50-64,College graduate or more,Suburban,Louisiana,Strongly oppose,Somewhat oppose,Strongly favor,Yes,Uses too much land
11454,1.5321,Republican,30-49,High school or less,Rural,Kansas,Somewhat oppose,Strongly oppose,Strongly oppose,No,Worried about property values
11455,0.3044,Independent,65+,College graduate or more,Suburban,Missouri,Strongly favor,Somewhat oppose,Strongly favor,No,Uses too much land
11456,0.683,Republican,30-49,College graduate or more,Rural,Missouri,Strongly favor,99,Somewhat oppose,No,Changes how the area looks
11457,0.3669,Independent,65+,College graduate or more,Urban,Missouri,Strongly favor,Somewhat favor,Somewhat favor,No,Changes how the area looks
11458,1.0519,Republican,50-64,High school or less,Suburban,Oklahoma,Strongly oppose,Somewhat favor,Strongly oppose,No,No concerns
11459,0.8748,Republican,65+,High school or less,Suburban,Missouri,Somewhat favor,Somewhat oppose,Strongly oppose,No,Changes how the area looks
11460,1.3774,Republican,30-49,High school or less,Urban,Texas,Strongly favor,Strongly oppose,Strongly oppose,No,Worried about property values
11461,0.8368,Democrat,50-64,High school or less,Suburban,Texas,Strongly favor,Somewhat favor,Somewhat favor,No,Uses too much land
11462,0.8747,Democrat,30-49,Some college,Suburban,Texas,Somewhat favor,Somewhat oppose,Somewhat favor,No,Doubts it is reliable
11463,2.0013,Democrat,30-49,High school or less,Urban,Oklahoma,Somewhat favor,Strongly favor,Strongly favor,No,Uses too much land
11464,1.3237,Democrat,30-49,Some college,Rural,Texas,Strongly favor,99,Strongly favor,No,No concerns
11465,0.6774,Republican,50-64,Some college,Urban,Oklahoma,Somewhat favor,Somewhat oppose,Strongly oppose,No,Worried about property values
11466,0.5244,Republican,65+,Some college,Suburban,Oklahoma,Somewhat oppose,Strongly oppose,Strongly oppose,Yes,Something else
11467,0.2999,Independent,50-64,College graduate or more,Suburban,Missouri,Somewhat favor,Somewhat oppose,Somewhat favor,No,Doubts it is reliable
11468,0.4839,Democrat,30-49,College graduate or more,Suburban,Arkansas,Strongly favor,Strongly favor,Somewhat favor,No,Changes how the area looks
11469,0.95,Independent,65+,High school or less,Suburban,Missouri,Somewhat favor,Somewhat favor,Strongly oppose,No,No concerns
11470,0.6653,Republican,65+,Some college,Urban,Texas,Strongly favor,Strongly favor,99,No,No concerns
11471,2.7827,Republican,18-29,High school or less,Urban,Texas,Strongly favor,Strongly favor,Somewhat favor,No,Worried about property values
11472,2.7195,Democrat,18-29,High school or less,Rural,Oklahoma,Somewhat favor,Somewhat favor,Somewhat oppose,No,No concerns
11473,0.8634,Republican,18-29,College graduate or more,Urban,Texas,Strongly oppose,Strongly favor,Somewhat oppose,Yes,No concerns
11474,0.9241,Democrat,30-49,Some college,Rural,Arkansas,Somewhat favor,Strongly favor,Strongly favor,Yes,No concerns
11475,1.4695,Republican,30-49,High school or less,Urban,Oklahoma,Strongly favor,Somewhat oppose,Strongly oppose,No,Worried about property values
11476,0.9536,Republican,30-49,Some college,Urban,Arkansas,Strongly oppose,Strongly oppose,Somewhat oppose,No,Changes how the area looks
11477,1.6617,Independent,30-49,High school or less,Urban,Texas,Somewhat favor,Strongly favor,Somewhat favor,No,Something else
11478,2.6254,Democrat,18-29,High school or less,Rural,Louisiana,Strongly favor,Somewhat favor,Strongly favor,Yes,Uses too much land
11479,0.4457,Republican,50-64,College graduate or more,Suburban,Arkansas,Somewhat favor,Somewhat oppose,Somewhat oppose,No,Uses too much land
11480,1.0632,Republican,30-49,Some college,Suburban,Texas,Strongly favor,Strongly oppose,Somewhat oppose,No,Worried about property values
11481,0.5917,Independent,50-64,College graduate or more,Suburban,Texas,Somewhat favor,Strongly oppose,Strongly favor,No,Changes how the area looks
11482,1.0386,Independent,18-29,College graduate or more,Suburban,Texas,Somewhat favor,Somewhat favor,Strongly favor,Yes,Something else
11483,0.4805,Republican,50-64,Some college,Urban,Texas,Somewhat favor,Somewhat favor,Strongly oppose,No,No concerns
11484,1.0245,Democrat,18-29,Some college,Suburban,Louisiana,Somewhat favor,Strongly favor,Strongly favor,Yes,No concerns
11485,0.9488,Independent,50-64,Some college,Urban,Louisiana,Somewhat favor,Somewhat favor,Somewhat favor,No,No concerns
11486,1.3704,Republican,30-49,High school or less,Urban,Texas,Somewhat favor,Strongly favor,Somewhat favor,No,No concerns
11487,0.6597,Independent,30-49,College graduate or more,Suburban,Texas,Somewhat favor,Somewhat favor,Somewhat favor,No,No concerns
11488,1.9628,Republican,30-49,High school or less,Rural,Texas,Strongly oppose,Somewhat oppose,Strongly oppose,No,Uses too much land
11489,1.139,Republican,18-29,College graduate or more,Urban,Missouri,Strongly favor,Strongly oppose,Strongly favor,Yes,Something else
11490,1.3694,Republican,18-29,College graduate or more,Rural,Texas,Somewhat oppose,Strongly oppose,Strongly oppose,Yes,Changes how the area looks
11491,1.3677,Republican,30-49,High school or less,Urban,Texas,Somewhat favor,Somewhat favor,Somewhat oppose,Yes,No concerns
11492,0.2692,Democrat,65+,College graduate or more,Suburban,Oklahoma,Strongly favor,Somewhat favor,Somewhat favor,No,Worried about property values
11493,2.2658,Republican,18-29,High school or less,Suburban,Louisiana,Somewhat favor,Strongly oppose,Strongly oppose,Yes,Changes how the area looks
11494,0.5668,Republican,50-64,College graduate or more,Urban,Texas,Strongly favor,Somewhat oppose,Somewhat oppose,No,Changes how the area looks
11495,0.9822,Democrat,30-49,High school or less,Suburban,Texas,Strongly favor,Somewhat oppose,Strongly favor,No,Something else
11496,1.2584,Independent,65+,High school or less,Urban,Missouri,Somewhat oppose,Strongly oppose,Strongly oppose,No,Uses too much land
11497,0.5284,Democrat,30-49,College graduate or more,Suburban,Texas,Strongly favor,Strongly favor,Somewhat favor,No,No concerns
11498,0.9725,Independent,65+,High school or less,Suburban,Oklahoma,Strongly favor,Somewhat oppose,Somewhat favor,No,Worried about property values
11499,0.5748,Independent,30-49,College graduate or more,Suburban,Missouri,Somewhat oppose,Strongly favor,Strongly favor,No,Something else
11500,0.3136,Independent,65+,College graduate or more,Suburban,Texas,Somewhat favor,Somewhat favor,Strongly favor,No,Changes how the area looks
11501,0.4174,Democrat,65+,College graduate or more,Urban,Texas,Strongly favor,Strongly favor,Strongly favor,No,No concerns
11502,1.1151,Democrat,30-49,High school or less,Rural,Oklahoma,Somewhat favor,Strongly oppose,Somewhat oppose,No,Changes how the area looks
11503,0.4049,Democrat,50-64,College graduate or more,Suburban,Arkansas,Strongly favor,99,Strongly favor,Yes,Uses too much land
11504,0.7032,Democrat,50-64,High school or less,Suburban,Texas,Strongly favor,Somewhat oppose,Strongly favor,No,Changes how the area looks
11505,0.516,Democrat,30-49,College graduate or more,Urban,Louisiana,Strongly favor,Strongly favor,Somewhat favor,No,No concerns
11506,1.1041,Republican,30-49,Some college,Suburban,Texas,Somewhat oppose,Somewhat favor,Strongly oppose,No,No concerns
11507,1.0887,Independent,30-49,High school or less,Urban,Missouri,Somewhat favor,Somewhat oppose,Somewhat oppose,No,Changes how the area looks
11508,0.3755,Republican,65+,College graduate or more,Urban,Oklahoma,Somewhat favor,Somewhat favor,Strongly favor,No,No concerns
11509,1.4581,Republican,50-64,High school or less,Urban,Arkansas,Somewhat oppose,Strongly favor,Strongly oppose,Yes,Changes how the area looks
11510,0.3233,Democrat,50-64,College graduate or more,Suburban,Louisiana,Somewhat favor,Somewhat favor,Somewhat favor,Yes,Uses too much land
11511,0.4159,Democrat,65+,Some college,Suburban,Texas,Somewhat favor,Strongly oppose,Somewhat favor,Yes,Uses too much land
11512,1.1087,Republican,30-49,Some college,Urban,Arkansas,Somewhat oppose,Strongly favor,Somewhat favor,Yes,Uses too much land
11513,1.7088,Republican,30-49,Some college,Urban,Texas,Strongly oppose,Somewhat favor,Strongly favor,No,Worried about property values
11514,0.711,Republican,30-49,College graduate or more,Urban,Oklahoma,Strongly favor,Somewhat oppose,Somewhat oppose,No,Changes how the area looks
11515,0.4926,Independent,50-64,College graduate or more,Rural,Louisiana,Somewhat favor,Strongly oppose,Somewhat oppose,Yes,Doubts it is reliable
11516,1.1413,Independent,30-49,Some college,Urban,Oklahoma,Strongly favor,Somewhat favor,Somewhat favor,No,Something else
11517,1.0607,Independent,30-49,High school or less,Urban,Oklahoma,Strongly favor,Somewhat favor,Strongly oppose,No,Uses too much land
11518,1.2371,Democrat,30-49,High school or less,Suburban,Kansas,Somewhat favor,Somewhat favor,Somewhat oppose,No,No concerns
11519,0.4345,Independent,65+,College graduate or more,Suburban,Texas,Somewhat oppose,Somewhat favor,Somewhat oppose,No,Changes how the area looks
11520,0.4702,Republican,50-64,Some college,Urban,Louisiana,Somewhat oppose,Strongly oppose,Strongly oppose,Yes,Uses too much land
11521,0.6339,Republican,30-49,Some college,Urban,Texas,Strongly favor,Somewhat favor,Somewhat oppose,No,Uses too much land
11522,1.6298,Republican,18-29,Some college,Suburban,Texas,Somewhat oppose,Strongly favor,Somewhat oppose,No,No concerns
11523,0.3816,Democrat,50-64,College graduate or more,Suburban,Oklahoma,Somewhat favor,Somewhat favor,Somewhat favor,No,No concerns
11524,0.8988,Republican,30-49,Some college,Rural,Oklahoma,Somewhat favor,Strongly favor,Somewhat favor,Yes,No concerns
11525,0.2737,Democrat,65+,College graduate or more,Urban,Missouri,Somewhat favor,Strongly favor,Somewhat favor,No,Something else
11526,1.0714,Democrat,50-64,High school or less,Rural,Oklahoma,Strongly favor,Somewhat favor,Somewhat oppose,No,Uses too much land
11527,0.9915,Independent,18-29,College graduate or more,Urban,Texas,Strongly favor,99,Somewhat oppose,No,No concerns
11528,0.9297,Republican,65+,High school or less,Urban,Oklahoma,Strongly oppose,Somewhat oppose,Somewhat oppose,No,Uses too much land
11529,1.6757,Independent,50-64,High school or less,Rural,Texas,Strongly favor,Strongly oppose,Somewhat oppose,No,Doubts it is reliable
11530,1.2529,Independent,30-49,High school or less,Suburban,Missouri,Strongly favor,Somewhat favor,Somewhat oppose,No,Uses too much land
11531,0.7466,Democrat,65+,High school or less,Urban,Texas,Strongly favor,Somewhat favor,Strongly favor,Yes,No concerns
11532,1.8233,Republican,18-29,High school or less,Suburban,Texas,Strongly favor,Somewhat favor,Strongly oppose,No,No concerns
11533,1.4317,Democrat,18-29,High school or less,Suburban,Louisiana,Somewhat favor,Somewhat favor,Somewhat oppose,Yes,No concerns
11534,0.9823,Independent,65+,High school or less,Urban,Texas,Somewhat favor,Strongly favor,Strongly favor,No,No concerns
11535,0.8374,Democrat,65+,High school or less,Suburban,Oklahoma,Somewhat favor,Somewhat oppose,Strongly oppose,No,Uses too much land
11536,1.5227,Republican,30-49,High school or less,Urban,Texas,Somewhat oppose,Somewhat oppose,Strongly oppose,No,Uses too much land
11537,0.6565,Independent,30-49,College graduate or more,Suburban,Louisiana,Strongly favor,Somewhat oppose,Somewhat favor,No,Changes how the area looks
11538,0.9484,Republican,50-64,High school or less,Suburban,Texas,Somewhat oppose,Somewhat oppose,Strongly oppose,No,Worried about property values
11539,1.2864,Independent,30-49,Some college,Suburban,Oklahoma,Somewhat favor,99,Somewhat favor,No,Worried about property values
11540,1.33,Democrat,18-29,Some college,Suburban,Texas,Strongly favor,Somewhat favor,Strongly favor,No,No concerns
11541,2.1465,Independent,18-29,High school or less,Rural,Texas,Strongly oppose,Somewhat oppose,Somewhat favor,No,Worried about property values
11542,1.4113,Democrat,18-29,High school or less,Suburban,Oklahoma,Strongly favor,Strongly favor,Somewhat favor,No,No concerns
11543,0.7089,Republican,30-49,College graduate or more,Rural,Texas,Somewhat favor,Somewhat favor,Strongly favor,No,No concerns
11544,0.4283,Democrat,65+,College graduate or more,Rural,Texas,Somewhat favor,Strongly favor,Strongly favor,No,Uses too much land
11545,1.9682,Republican,30-49,High school or less,Suburban,Texas,Strongly favor,Strongly favor,Somewhat favor,No,Worried about property values
11546,1.0192,Republican,50-64,Some college,Rural,Texas,Somewhat oppose,Strongly oppose,Strongly oppose,No,Uses too much land
11547,1.2382,Republican,30-49,High school or less,Suburban,Texas,Somewhat oppose,Somewhat oppose,Somewhat oppose,No,Worried about property values
11548,0.2737,Democrat,65+,College graduate or more,Suburban,Texas,Somewhat favor,Strongly favor,Somewhat favor,No,Worried about property values
11549,1.0326,Republican,30-49,Some college,Suburban,Missouri,Strongly favor,Somewhat favor,Somewhat oppose,No,Changes how the area looks
11550,1.6672,Republican,18-29,Some college,Suburban,Texas,Strongly favor,Somewhat oppose,99,Yes,Changes how the area looks
11551,0.8371,Democrat,30-49,Some college,Suburban,Texas,Strongly favor,Strongly oppose,Somewhat favor,No,Something else
11552,0.4909,Democrat,65+,Some college,Urban,Missouri,Strongly favor,Somewhat oppose,Strongly favor,Yes,Changes how the area looks
11553,0.6479,Republican,65+,Some college,Suburban,Louisiana,Somewhat favor,Strongly oppose,Strongly favor,No,Worried about property values
11554,1.4193,Republican,18-29,Some college,Suburban,Kansas,Somewhat favor,Somewhat favor,Somewhat oppose,Yes,Uses too much land
11555,0.6146,Democrat,65+,Some college,Rural,Oklahoma,Strongly favor,Strongly favor,Somewhat favor,No,No concerns
11556,0.9247,Republican,30-49,Some college,Suburban,Louisiana,Strongly favor,Somewhat favor,Somewhat oppose,No,No concerns
11557,0.5313,Republican,30-49,College graduate or more,Suburban,Kansas,Strongly oppose,Somewhat oppose,Somewhat oppose,No,Doubts it is reliable
11558,1.4794,Democrat,30-49,High school or less,Suburban,Texas,Strongly favor,Somewhat favor,Strongly oppose,No,Something else
11559,0.7233,Republican,65+,Some college,Suburban,Texas,Somewhat oppose,Strongly oppose,Strongly favor,Yes,Something else
11560,0.5869,Democrat,65+,High school or less,Suburban,Texas,Somewhat favor,Somewhat oppose,Somewhat favor,No,Worried about property values
11561,1.8282,Democrat,18-29,Some college,Suburban,Oklahoma,Somewhat favor,Strongly favor,Somewhat favor,No,No concerns
11562,0.4548,Democrat,30-49,College graduate or more,Urban,Oklahoma,Somewhat favor,Strongly favor,Strongly favor,No,Something else
11563,1.0688,Democrat,30-49,High school or less,Suburban,Texas,Somewhat favor,Somewhat favor,Strongly favor,No,No concerns
11564,1.4399,Republican,30-49,High school or less,Urban,Kansas,Somewhat favor,Somewhat favor,Somewhat favor,No,Changes how the area looks
11565,1.1116,Republican,50-64,High school or less,Suburban,Oklahoma,Strongly favor,Somewhat oppose,Strongly favor,No,Doubts it is reliable
11566,0.7345,Democrat,50-64,High school or less,Urban,Texas,Strongly favor,Somewhat favor,Somewhat favor,No,No concerns
11567,0.9912,Republican,50-64,Some college,Rural,Texas,Somewhat favor,Somewhat favor,Strongly oppose,No,No concerns
11568,0.6558,Independent,50-64,Some college,Suburban,Texas,Somewhat favor,Strongly favor,Somewhat oppose,No,No concerns
11569,0.7982,Independent,30-49,College graduate or more,Rural,Kansas,Somewhat favor,Somewhat oppose,Somewhat oppose,No,Changes how the area looks
11570,2.2334,Democrat,18-29,High school or less,Suburban,Missouri,Somewhat favor,Somewhat favor,Strongly favor,No,Worried about property values
11571,0.5747,Republican,65+,Some college,Suburban,Texas,Strongly favor,Somewhat oppose,Somewhat favor,No,Worried about property values
11572,1.8794,Independent,18-29,Some college,Suburban,Texas,Strongly oppose,Strongly favor,Somewhat oppose,Yes,Something else
11573,0.6517,Independent,65+,High school or less,Urban,Arkansas,Somewhat favor,Strongly favor,Somewhat favor,No,Something else
11574,0.6744,Republican,30-49,College graduate or more,Rural,Louisiana,Strongly favor,Somewhat favor,Strongly oppose,Yes,Uses too much land
11575,0.4674,Republican,50-64,College graduate or more,Suburban,Oklahoma,Somewhat oppose,Strongly oppose,Somewhat oppose,No,Worried about property values
11576,1.2582,Republican,50-64,High school or less,Suburban,Oklahoma,Strongly oppose,Strongly oppose,Somewhat favor,No,Doubts it is reliable
11577,0.5714,Independent,30-49,College graduate or more,Suburban,Oklahoma,Strongly oppose,Somewhat favor,Somewhat oppose,No,No concerns
11578,1.7667,Republican,30-49,High school or less,Urban,Texas,Strongly favor,Strongly oppose,Somewhat favor,Yes,Doubts it is reliable
11579,0.4295,Democrat,30-49,College graduate or more,Suburban,Texas,Somewhat favor,Somewhat favor,Strongly favor,No,Uses too much land
11580,0.8851,Republican,50-64,Some college,Urban,Texas,Somewhat favor,Strongly favor,Somewhat oppose,No,Changes how the area looks
11581,0.855,Democrat,18-29,College graduate or more,Urban,Texas,Somewhat favor,Strongly favor,Somewhat favor,No,Worried about property values
11582,0.6961,Democrat,30-49,Some college,Suburban,Texas,Somewhat favor,Somewhat favor,Somewhat favor,No,No concerns
11583,0.5107,Republican,50-64,College graduate or more,Suburban,Missouri,Strongly oppose,Somewhat oppose,Strongly oppose,No,Uses too much land
11584,0.7232,Republican,30-49,College graduate or more,Suburban,Louisiana,Strongly favor,Strongly favor,Somewhat oppose,Yes,No concerns
11585,1.0367,Independent,50-64,Some college,Suburban,Texas,Strongly favor,Somewhat favor,Somewhat oppose,No,Changes how the area looks
11586,1.0759,Republican,30-49,Some college,Urban,Louisiana,Strongly favor,Somewhat favor,Strongly favor,No,No concerns
11587,1.0294,Republican,65+,High school or less,Urban,Texas,Strongly favor,Strongly favor,Somewhat oppose,No,No concerns
11588,1.0455,Republican,50-64,High school or less,Suburban,Oklahoma,Somewhat oppose,Somewhat oppose,Strongly oppose,No,Uses too much land
11589,0.7425,Democrat,50-64,High school or less,Suburban,Oklahoma,Strongly favor,Somewhat favor,Strongly favor,No,Uses too much land
11590,0.818,Democrat,30-49,Some college,Suburban,Texas,Strongly favor,Somewhat favor,Somewhat favor,Yes,No concerns
11591,0.8547,Independent,50-64,Some college,Suburban,Texas,Somewhat favor,Strongly favor,Strongly favor,No,No concerns
11592,0.6358,Independent,30-49,Some college,Suburban,Arkansas,Somewhat favor,Somewhat oppose,Strongly oppose,No,Changes how the area looks
11593,1.0835,Democrat,18-29,Some college,Suburban,Texas,Somewhat favor,Somewhat favor,Strongly favor,No,No concerns
11594,0.6586,Democrat,30-49,College graduate or more,Suburban,Texas,Strongly favor,Strongly favor,Somewhat favor,No,Uses too much land
11595,1.6054,Republican,30-49,Some college,Rural,Louisiana,Somewhat oppose,Somewhat oppose,Somewhat favor,No,Uses too much land
11596,0.7996,Democrat,30-49,Some college,Suburban,Arkansas,Somewhat favor,Strongly favor,Somewhat favor,No,No concerns
11597,0.6568,Republican,50-64,Some college,Suburban,Texas,Somewhat favor,Somewhat oppose,Somewhat oppose,No,Uses too much land
11598,2.7083,Republican,18-29,High school or less,Suburban,Arkansas,Strongly favor,Strongly oppose,Somewhat favor,No,Uses too much land
11599,0.695,Independent,65+,Some college,Urban,Louisiana,Strongly favor,Somewhat favor,Somewhat oppose,No,Something else
11600,0.834,Democrat,30-49,Some college,Suburban,Texas,Strongly favor,Somewhat favor,Somewhat favor,No,No concerns
11601,0.4381,Republican,65+,College graduate or more,Suburban,Louisiana,Strongly favor,Strongly oppose,Somewhat oppose,No,Uses too much land
11602,0.3532,Republican,65+,College graduate or more,Urban,Texas,Strongly favor,Somewhat favor,Somewhat favor,No,Something else
11603,2.5285,Republican,18-29,High school or less,Urban,Texas,Strongly oppose,Somewhat oppose,Somewhat oppose,No,Changes how the area looks
11604,0.6512,Independent,65+,Some college,Suburban,Louisiana,Somewhat favor,Strongly favor,Somewhat favor,No,Changes how the area looks
11605,0.6734,Independent,30-49,College graduate or more,Suburban,Missouri,Somewhat oppose,Strongly oppose,Somewhat favor,No,Doubts it is reliable
11606,1.161,Democrat,18-29,Some college,Urban,Kansas,Strongly favor,Somewhat favor,Strongly favor,Yes,No concerns
11607,0.7082,Republican,30-49,College graduate or more,Rural,Texas,Somewhat oppose,Strongly oppose,Somewhat favor,Yes,Uses too much land
11608,0.7836,Republican,65+,High school or less,Urban,Texas,Somewhat oppose,Strongly favor,Somewhat oppose,No,No concerns
11609,0.6339,Republican,50-64,College graduate or more,Rural,Texas,Strongly favor,Strongly oppose,Somewhat oppose,No,Worried about property values
11610,0.4891,Independent,65+,College graduate or more,Suburban,Oklahoma,Somewhat favor,Strongly favor,Strongly oppose,No,Worried about property values
11611,2.1239,Independent,30-49,High school or less,Rural,Kansas,Somewhat oppose,Strongly favor,99,No,Worried about property values
11612,0.869,Democrat,50-64,High school or less,Suburban,Oklahoma,Somewhat favor,Somewhat favor,Somewhat oppose,No,No concerns
11613,0.6716,Democrat,65+,High school or less,Suburban,Kansas,Somewhat favor,99,Strongly favor,No,Uses too much land
11614,1.4209,Democrat,18-29,College graduate or more,Suburban,Louisiana,Somewhat favor,Somewhat favor,Somewhat favor,No,No concerns
11615,1.7468,Democrat,18-29,High school or less,Suburban,Oklahoma,Somewhat favor,Somewhat favor,Somewhat favor,No,No concerns
11616,0.8077,Republican,65+,High school or less,Suburban,Louisiana,Strongly oppose,Somewhat oppose,Strongly oppose,Yes,Doubts it is reliable
11617,0.9016,Independent,65+,High school or less,Suburban,Missouri,Strongly favor,Strongly favor,Somewhat oppose,No,Uses too much land
11618,0.6023,Republican,50-64,Some college,Suburban,Kansas,Somewhat oppose,Strongly oppose,Strongly oppose,Yes,Doubts it is reliable
11619,0.5932,Independent,30-49,College graduate or more,Suburban,Louisiana,Strongly oppose,Strongly favor,Somewhat favor,No,No concerns
11620,0.7973,Democrat,50-64,High school or less,Suburban,Texas,Strongly favor,Somewhat favor,Somewhat favor,No,No concerns
11621,0.986,Democrat,30-49,High school or less,Suburban,Texas,Strongly favor,Strongly favor,Somewhat favor,No,No concerns
11622,0.8608,Democrat,18-29,College graduate or more,Suburban,Oklahoma,Somewhat favor,Somewhat favor,Strongly favor,No,Worried about property values
11623,0.8297,Democrat,50-64,Some college,Suburban,Arkansas,Somewhat favor,Strongly favor,Somewhat favor,Yes,Uses too much land
11624,0.9425,Democrat,50-64,High school or less,Rural,Texas,Somewhat favor,Somewhat favor,Strongly favor,Yes,Changes how the area looks
11625,0.8787,Republican,50-64,High school or less,Urban,Oklahoma,Somewhat favor,Strongly favor,Somewhat oppose,No,No concerns
11626,0.5691,Independent,65+,College graduate or more,Urban,Oklahoma,Strongly favor,Somewhat oppose,Somewhat favor,No,Changes how the area looks
11627,0.7574,Republican,50-64,Some college,Urban,Texas,Somewhat favor,Strongly favor,Strongly oppose,No,No concerns
11628,0.857,Democrat,50-64,Some college,Rural,Oklahoma,Somewhat favor,Somewhat favor,Strongly favor,No,Something else
11629,0.6073,Republican,65+,Some college,Suburban,Louisiana,Strongly favor,Somewhat favor,Strongly favor,No,No concerns
11630,0.9859,Republican,18-29,College graduate or more,Suburban,Arkansas,Somewhat favor,Somewhat favor,Somewhat oppose,Yes,Changes how the area looks
11631,0.9421,Republican,18-29,College graduate or more,Suburban,Kansas,Strongly favor,Strongly oppose,Strongly oppose,No,Changes how the area looks
11632,2.7115,Republican,18-29,High school or less,Rural,Arkansas,Strongly favor,Strongly favor,Somewhat oppose,Yes,No concerns
11633,0.4279,Republican,50-64,College graduate or more,Suburban,Arkansas,Somewhat favor,Somewhat favor,Somewhat oppose,No,No concerns
11634,0.319,Democrat,50-64,College graduate or more,Suburban,Louisiana,Somewhat favor,Somewhat favor,Somewhat favor,Yes,No concerns
11635,1.3267,Democrat,18-29,College graduate or more,Rural,Kansas,Somewhat favor,Strongly oppose,Somewhat favor,No,Worried about property values
11636,1.2678,Democrat,18-29,High school or less,Suburban,Arkansas,Strongly favor,Somewhat favor,Somewhat favor,No,No concerns
11637,2.1043,Republican,18-29,High school or less,Suburban,Louisiana,Somewhat oppose,Strongly favor,Strongly oppose,No,No concerns
11638,0.4657,Democrat,65+,Some college,Suburban,Texas,Somewhat oppose,Strongly favor,Strongly favor,No,Uses too much land
11639,0.8985,Independent,65+,High school or less,Urban,Oklahoma,Somewhat oppose,Strongly oppose,Strongly favor,Yes,Worried about property values
11640,0.6991,Republican,50-64,Some college,Suburban,Arkansas,Somewhat oppose,Strongly favor,Strongly oppose,No,Uses too much land
11641,1.3256,Democrat,30-49,High school or less,Suburban,Arkansas,Somewhat favor,Somewhat oppose,Somewhat oppose,No,Something else
11642,0.7091,Democrat,65+,Some college,Rural,Texas,Somewhat favor,Strongly favor,Strongly favor,No,No concerns
11643,1.2283,Republican,50-64,High school or less,Urban,Texas,Strongly oppose,Strongly favor,Strongly oppose,No,Something else
11644,1.188,Republican,18-29,College graduate or more,Urban,Texas,Somewhat favor,Somewhat oppose,Strongly oppose,Yes,Something else
11645,1.2126,Republican,30-49,High school or less,Suburban,Arkansas,Strongly oppose,Somewhat oppose,Strongly oppose,No,Uses too much land
11646,0.4327,Republican,50-64,College graduate or more,Suburban,Louisiana,Somewhat favor,Somewhat favor,Strongly oppose,Yes,Uses too much land
11647,1.2675,Independent,30-49,High school or less,Suburban,Louisiana,Strongly favor,Strongly favor,Strongly favor,No,No concerns
11648,0.5903,Democrat,65+,Some college,Suburban,Arkansas,Somewhat favor,Strongly favor,Somewhat oppose,No,Something else
11649,0.4286,Republican,50-64,College graduate or more,Urban,Arkansas,Somewhat favor,Somewhat favor,Somewhat favor,No,No concerns
11650,0.6857,Democrat,18-29,College graduate or more,Urban,Texas,Somewhat favor,Strongly favor,Somewhat favor,Yes,No concerns
11651,1.2149,Independent,30-49,Some college,Suburban,Kansas,Somewhat favor,Somewhat favor,Somewhat oppose,No,Uses too much land
11652,1.0444,Independent,30-49,High school or less,Suburban,Oklahoma,Strongly favor,Somewhat oppose,99,No,Worried about property values
11653,0.7663,Democrat,30-49,Some college,Urban,Texas,Somewhat favor,Somewhat favor,Somewhat favor,No,Uses too much land
11654,0.5574,Democrat,30-49,Some college,Suburban,Texas,Somewhat favor,Strongly favor,Somewhat favor,No,Uses too much land
11655,1.0722,Republican,65+,High school or less,Urban,Arkansas,Somewhat oppose,Somewhat oppose,Somewhat favor,No,Changes how the area looks
11656,0.7551,Republican,50-64,Some college,Rural,Texas,Somewhat favor,Somewhat oppose,Somewhat oppose,No,Doubts it is reliable
11657,0.8734,Independent,65+,High school or less,Suburban,Texas,Strongly favor,Somewhat favor,Strongly favor,No,No concerns
11658,1.9036,Independent,18-29,High school or less,Rural,Oklahoma,Strongly favor,Somewhat favor,Somewhat favor,Yes,Changes how the area looks
11659,1.442,Democrat,18-29,Some college,Rural,Oklahoma,Somewhat favor,Strongly favor,Somewhat favor,No,Worried about property values
11660,0.7127,Democrat,50-64,High school or less,Suburban,Arkansas,Strongly favor,Somewhat favor,Strongly favor,Yes,No concerns
11661,0.4974,Independent,30-49,College graduate or more,Suburban,Texas,Somewhat oppose,99,Somewhat favor,No,Something else
11662,0.6357,Republican,30-49,College graduate or more,Suburban,Texas,Somewhat oppose,Somewhat favor,Strongly oppose,No,No concerns
11663,2.3286,Independent,18-29,High school or less,Urban,Kansas,Strongly oppose,Strongly favor,Somewhat oppose,No,Something else
11664,0.5078,Democrat,50-64,Some college,Suburban,Oklahoma,Somewhat favor,Strongly favor,Somewhat oppose,Yes,No concerns
11665,0.967,Republican,30-49,Some college,Suburban,Texas,Somewhat oppose,Somewhat oppose,Somewhat favor,No,Uses too much land
11666,1.5619,Independent,30-49,High school or less,Urban,Texas,Strongly favor,Somewhat favor,Somewhat oppose,No,Something else
11667,1.4018,Independent,30-49,High school or less,Suburban,Arkansas,Somewhat oppose,Somewhat favor,Somewhat favor,No,No concerns
11668,1.0351,Democrat,30-49,High school or less,Suburban,Arkansas,Somewhat favor,Somewhat favor,Somewhat favor,No,Something else
11669,1.9818,Independent,18-29,High school or less,Suburban,Missouri,Somewhat favor,Somewhat oppose,Somewhat favor,No,Uses too much land
11670,0.7786,Republican,50-64,Some college,Suburban,Louisiana,Somewhat favor,Strongly oppose,Somewhat oppose,No,Worried about property values
11671,0.6349,Republican,50-64,Some college,Suburban,Louisiana,Strongly oppose,Strongly oppose,Somewhat oppose,No,Uses too much land
11672,0.8655,Democrat,50-64,Some college,Rural,Texas,Strongly favor,Strongly oppose,Somewhat favor,Yes,Uses too much land
11673,1.6839,Independent,18-29,Some college,Suburban,Arkansas,Somewhat favor,Strongly favor,99,Yes,Uses too much land
11674,0.5677,Republican,50-64,Some college,Suburban,Oklahoma,Strongly favor,99,Strongly oppose,No,Something else
11675,0.9609,Democrat,18-29,Some college,Suburban,Texas,Somewhat favor,Strongly favor,Somewhat oppose,No,No concerns
11676,0.6748,Democrat,50-64,High school or less,Suburban,Missouri,Strongly favor,Somewhat favor,Somewhat favor,No,Changes how the area looks
11677,1.2266,Independent,18-29,College graduate or more,Urban,Missouri,Strongly favor,Strongly favor,Strongly favor,No,No concerns
11678,0.7471,Independent,65+,Some college,Urban,Oklahoma,Strongly favor,Strongly favor,Strongly favor,No,Something else
11679,0.4391,Independent,30-49,College graduate or more,Suburban,Texas,Strongly favor,Strongly favor,Somewhat favor,No,No concerns
11680,0.392,Independent,50-64,College graduate or more,Suburban,Louisiana,Somewhat favor,Strongly oppose,Somewhat favor,No,Uses too much land
11681,1.0777,Independent,50-64,High school or less,Suburban,Texas,Strongly favor,Somewhat favor,Strongly favor,No,Changes how the area looks
11682,0.9069,Republican,50-64,High school or less,Suburban,Oklahoma,Strongly favor,Somewhat oppose,Strongly oppose,No,Changes how the area looks
11683,1.1187,Independent,18-29,College graduate or more,Rural,Arkansas,Somewhat favor,Somewhat favor,Strongly oppose,No,Something else
11684,0.4007,Independent,65+,College graduate or more,Suburban,Texas,Strongly oppose,Somewhat favor,Somewhat oppose,Yes,Uses too much land
11685,0.3044,Democrat,65+,College graduate or more,Suburban,Oklahoma,Strongly favor,Somewhat favor,Strongly favor,Yes,No concerns
11686,2.051,Independent,30-49,High school or less,Rural,Texas,Strongly favor,Somewhat favor,99,Yes,Changes how the area looks
11687,2.4847,Republican,30-49,High school or less,Suburban,Texas,Somewhat favor,Somewhat favor,Strongly oppose,No,Changes how the area looks
11688,0.568,Democrat,65+,High school or less,Suburban,Missouri,Strongly oppose,Somewhat oppose,Somewhat favor,No,Something else
11689,0.5594,Democrat,50-64,Some college,Suburban,Arkansas,Strongly favor,Somewhat favor,Somewhat favor,No,Uses too much land
11690,0.8653,Republican,50-64,High school or less,Suburban,Oklahoma,Somewhat favor,Strongly oppose,Somewhat oppose,No,Changes how the area looks
11691,0.8737,Republican,18-29,College graduate or more,Suburban,Arkansas,Somewhat favor,Somewhat oppose,Strongly favor,No,Changes how the area looks
11692,0.4562,Democrat,65+,Some college,Urban,Texas,Somewhat favor,Somewhat favor,Somewhat favor,No,Uses too much land
11693,0.3199,Democrat,65+,College graduate or more,Suburban,Texas,Strongly favor,Strongly favor,Somewhat favor,No,No concerns
11694,1.2312,Democrat,30-49,High school or less,Suburban,Texas,Strongly favor,Somewhat favor,Somewhat favor,Yes,No concerns
11695,1.5132,Democrat,18-29,High school or less,Suburban,Kansas,Strongly favor,Somewhat favor,Strongly favor,Yes,Uses too much land
11696,1.1003,Republican,30-49,Some college,Rural,Oklahoma,Somewhat favor,Strongly oppose,Somewhat oppose,No,Uses too much land
11697,0.553,Democrat,65+,Some college,Suburban,Texas,Somewhat favor,Somewhat favor,Somewhat oppose,No,Changes how the area looks
11698,1.4377,Independent,30-49,High school or less,Suburban,Oklahoma,Strongly favor,Strongly favor,Strongly oppose,No,No concerns
11699,0.6174,Republican,65+,Some college,Suburban,Texas,Somewhat oppose,Somewhat favor,Somewhat favor,No,No concerns
11700,1.2273,Republican,30-49,Some college,Rural,Texas,Strongly favor,Somewhat oppose,Strongly oppose,No,Changes how the area looks
11701,3.0837,Independent,18-29,High school or less,Urban,Texas,Strongly favor,Strongly favor,Strongly oppose,No,No concerns
11702,0.5583,Independent,65+,Some college,Urban,Oklahoma,Somewhat favor,Somewhat favor,Somewhat oppose,No,Worried about property values
11703,0.8899,Democrat,30-49,High school or less,Suburban,Texas,Strongly favor,Somewhat favor,Somewhat favor,No,No concerns
11704,0.4605,Independent,30-49,College graduate or more,Suburban,Oklahoma,Strongly favor,Somewhat favor,Strongly favor,Yes,Worried about property values
11705,0.4528,Independent,65+,Some college,Suburban,Texas,Somewhat favor,Somewhat favor,Somewhat favor,No,No concerns
11706,1.1001,Republican,30-49,Some college,Suburban,Louisiana,Strongly favor,Somewhat favor,Somewhat favor,No,Changes how the area looks
11707,0.7454,Democrat,30-49,Some college,Suburban,Texas,Strongly favor,Somewhat favor,Somewhat favor,No,No concerns
11708,0.4234,Democrat,50-64,Some college,Suburban,Louisiana,Somewhat favor,Somewhat favor,Somewhat oppose,No,Worried about property values
11709,0.6151,Democrat,30-49,College graduate or more,Urban,Kansas,Somewhat favor,Somewhat favor,Strongly favor,No,Something else
11710,3.0379,Independent,18-29,High school or less,Rural,Texas,Strongly favor,Strongly favor,Somewhat oppose,Yes,No concerns
11711,1.525,Democrat,18-29,Some college,Suburban,Texas,Strongly favor,Strongly favor,Somewhat favor,Yes,Worried about property values
11712,1.6067,Democrat,18-29,High school or less,Urban,Texas,Strongly favor,Strongly favor,Strongly favor,No,No concerns
11713,2.2764,Republican,18-29,High school or less,Urban,Texas,Somewhat oppose,Strongly oppose,Strongly favor,No,Doubts it is reliable
11714,1.1547,Republican,18-29,College graduate or more,Suburban,Louisiana,Strongly favor,Somewhat oppose,Strongly favor,No,Changes how the area looks
11715,0.9369,Independent,50-64,High school or less,Suburban,Oklahoma,Strongly favor,Strongly favor,Somewhat favor,No,No concerns
11716,0.5803,Republican,50-64,College graduate or more,Suburban,Texas,Strongly favor,Somewhat favor,Somewhat favor,No,No concerns
11717,1.5901,Democrat,18-29,Some college,Urban,Texas,Strongly favor,99,Strongly favor,No,No concerns
11718,1.0565,Republican,18-29,College graduate or more,Urban,Texas,Somewhat favor,Somewhat favor,Somewhat favor,No,Uses too much land
11719,0.4993,Democrat,30-49,College graduate or more,Urban,Texas,Somewhat favor,Strongly favor,Somewhat favor,No,Changes how the area looks
11720,1.2855,Democrat,30-49,Some college,Urban,Missouri,Strongly favor,Strongly favor,Somewhat favor,No,No concerns
11721,1.2962,Republican,30-49,High school or less,Suburban,Louisiana,Strongly favor,Strongly oppose,Strongly favor,No,Changes how the area looks
11722,0.6644,Democrat,65+,High school or less,Suburban,Oklahoma,Somewhat favor,Somewhat oppose,Strongly favor,No,Changes how the area looks
11723,1.1966,Republican,50-64,High school or less,Suburban,Texas,Strongly favor,Strongly oppose,Somewhat oppose,No,Worried about property values
11724,0.6471,Republican,30-49,College graduate or more,Suburban,Texas,Strongly favor,Strongly favor,Strongly oppose,No,No concerns
11725,1.1537,Republican,18-29,College graduate or more,Urban,Texas,Somewhat favor,Strongly favor,Strongly favor,No,No concerns
11726,0.6738,Republican,30-49,College graduate or more,Suburban,Texas,Somewhat oppose,Somewhat oppose,Somewhat favor,No,Worried about property values
11727,0.7841,Democrat,65+,High school or less,Rural,Oklahoma,Strongly favor,Strongly oppose,Strongly oppose,No,Changes how the area looks
11728,0.4671,Republican,65+,College graduate or more,Suburban,Texas,Somewhat oppose,Strongly oppose,Somewhat oppose,Yes,Uses too much land
11729,0.4839,Democrat,30-49,College graduate or more,Rural,Missouri,Somewhat favor,Strongly oppose,Somewhat favor,Yes,Doubts it is reliable
11730,0.6124,Democrat,65+,High school or less,Suburban,Oklahoma,Strongly favor,Somewhat favor,Somewhat favor,No,No concerns
11731,0.9402,Democrat,18-29,College graduate or more,Suburban,Kansas,Somewhat favor,Somewhat favor,Somewhat favor,No,Worried about property values
11732,0.5667,Independent,50-64,College graduate or more,Rural,Oklahoma,Strongly favor,Strongly favor,Somewhat oppose,No,Uses too much land
11733,0.9779,Republican,18-29,College graduate or more,Rural,Oklahoma,Strongly favor,Strongly favor,Strongly oppose,Yes,Uses too much land
11734,0.6194,Democrat,50-64,College graduate or more,Rural,Oklahoma,Somewhat favor,Strongly favor,Somewhat favor,No,No concerns
11735,0.8958,Independent,65+,Some college,Rural,Texas,Somewhat favor,Strongly favor,Somewhat oppose,Yes,No concerns
11736,1.5086,Democrat,18-29,Some college,Rural,Texas,Somewhat favor,99,Strongly favor,Yes,No concerns
11737,0.9157,Democrat,30-49,Some college,Rural,Arkansas,Somewhat favor,Somewhat favor,Strongly favor,Yes,Uses too much land
11738,0.5486,Democrat,65+,Some college,Suburban,Texas,Somewhat favor,Strongly favor,Somewhat favor,No,No concerns
11739,0.6315,Republican,30-49,College graduate or more,Suburban,Missouri,Strongly favor,Strongly favor,99,No,No concerns
11740,1.8527,Democrat,18-29,High school or less,Rural,Texas,Somewhat favor,Somewhat favor,Strongly favor,Yes,Changes how the area looks
11741,0.9586,Independent,18-29,College graduate or more,Urban,Texas,Strongly favor,Somewhat favor,Somewhat favor,Yes,No concerns
11742,0.718,Independent,50-64,Some college,Suburban,Louisiana,Strongly favor,Strongly oppose,Somewhat favor,No,Changes how the area looks
11743,0.3105,Republican,65+,College graduate or more,Suburban,Kansas,Somewhat oppose,Somewhat favor,Somewhat oppose,No,Worried about property values
11744,0.5463,Democrat,50-64,Some college,Urban,Texas,Strongly favor,Somewhat favor,Somewhat oppose,No,No concerns
11745,0.372,Independent,65+,College graduate or more,Suburban,Oklahoma,Somewhat favor,Strongly oppose,Somewhat oppose,No,Changes how the area looks
11746,1.6104,Independent,30-49,High school or less,Urban,Oklahoma,Strongly favor,Somewhat favor,Strongly favor,No,Uses too much land
11747,0.4425,Republican,65+,College graduate or more,Urban,Missouri,Somewhat favor,Strongly favor,Strongly favor,No,No concerns
11748,1.5628,Republican,30-49,High school or less,Suburban,Missouri,Somewhat favor,Strongly oppose,99,No,Uses too much land
11749,1.2176,Republican,30-49,Some college,Suburban,Texas,Strongly favor,Somewhat oppose,Strongly oppose,No,Changes how the area looks
11750,0.5958,Democrat,50-64,Some college,Suburban,Texas,Somewhat favor,Strongly oppose,Somewhat favor,Yes,Uses too much land
11751,0.7419,Democrat,18-29,College graduate or more,Suburban,Louisiana,Strongly favor,Somewhat favor,Somewhat favor,No,Something else
11752,0.7923,Democrat,30-49,Some college,Suburban,Arkansas,Strongly oppose,Strongly favor,Strongly favor,No,Worried about property values
11753,0.8079,Republican,65+,Some college,Urban,Louisiana,Strongly favor,Strongly oppose,Somewhat favor,No,Doubts it is reliable
11754,1.8353,Independent,18-29,Some college,Urban,Texas,Somewhat favor,Strongly favor,Somewhat favor,Yes,Something else
11755,1.8285,Independent,30-49,High school or less,Rural,Kansas,Strongly favor,Somewhat favor,Strongly favor,No,No concerns
11756,0.7981,Democrat,50-64,High school or less,Suburban,Missouri,Strongly favor,Somewhat favor,Somewhat favor,No,No concerns
11757,0.6105,Democrat,30-49,College graduate or more,Urban,Kansas,Somewhat favor,Somewhat oppose,Somewhat favor,No,Uses too much land
11758,0.6053,Independent,65+,Some college,Rural,Missouri,Strongly favor,Somewhat oppose,Strongly oppose,No,Changes how the area looks
11759,0.5823,Republican,50-64,College graduate or more,Suburban,Texas,Strongly favor,Somewhat favor,Strongly oppose,No,Uses too much land
11760,1.6,Republican,18-29,Some college,Suburban,Texas,Somewhat favor,Strongly favor,Somewhat oppose,No,No concerns
11761,0.7772,Independent,50-64,College graduate or more,Rural,Texas,Strongly favor,Somewhat favor,Strongly oppose,No,Something else
11762,0.8181,Democrat,65+,High school or less,Urban,Texas,Strongly favor,Strongly favor,Strongly favor,No,No concerns
11763,1.4446,Independent,30-49,High school or less,Urban,Oklahoma,Strongly favor,Strongly oppose,Strongly favor,Yes,Worried about property values
11764,0.7288,Independent,30-49,Some college,Suburban,Louisiana,Strongly favor,Somewhat oppose,Strongly oppose,No,Doubts it is reliable
11765,1.0615,Republican,30-49,Some college,Suburban,Arkansas,Strongly favor,Somewhat favor,Strongly favor,No,No concerns
11766,0.5351,Democrat,50-64,High school or less,Suburban,Texas,Strongly favor,Strongly favor,Strongly favor,No,No concerns
11767,0.3699,Democrat,50-64,College graduate or more,Urban,Oklahoma,Somewhat favor,99,Somewhat favor,No,Something else
11768,0.7849,Democrat,18-29,College graduate or more,Suburban,Texas,Somewhat favor,Somewhat favor,Somewhat favor,No,No concerns
11769,1.2507,Democrat,50-64,High school or less,Suburban,Louisiana,Somewhat oppose,Strongly favor,Strongly favor,No,Something else
11770,1.3633,Independent,18-29,Some college,Suburban,Oklahoma,Strongly oppose,Somewhat oppose,Somewhat oppose,Yes,Uses too much land
11771,1.1067,Independent,65+,High school or less,Urban,Louisiana,Strongly favor,Strongly favor,Somewhat oppose,No,Worried about property values
11772,2.5001,Republican,18-29,High school or less,Urban,Texas,Somewhat oppose,Strongly favor,Somewhat oppose,No,No concerns
11773,0.3047,Democrat,65+,College graduate or more,Suburban,Texas,Strongly favor,Strongly oppose,Strongly favor,Yes,Something else
11774,0.7121,Independent,30-49,College graduate or more,Suburban,Louisiana,Strongly favor,Strongly oppose,Somewhat favor,No,Doubts it is reliable
11775,0.4189,Democrat,50-64,College graduate or more,Suburban,Oklahoma,Somewhat favor,Somewhat favor,Somewhat favor,No,Uses too much land
11776,0.9153,Democrat,18-29,College graduate or more,Urban,Texas,Strongly favor,Strongly favor,Somewhat favor,No,No concerns
11777,0.6032,Independent,30-49,College graduate or more,Suburban,Louisiana,Somewhat favor,Somewhat favor,Somewhat favor,No,Changes how the area looks
11778,0.6947,Independent,65+,Some college,Suburban,Texas,Strongly favor,Strongly favor,Somewhat favor,No,Uses too much land
11779,0.76,Democrat,30-49,Some college,Suburban,Texas,Strongly favor,Strongly favor,Somewhat favor,No,No concerns
11780,1.3368,Democrat,30-49,High school or less,Urban,Texas,Somewhat favor,Somewhat favor,Somewhat oppose,No,No concerns
11781,1.7209,Republican,30-49,High school or less,Rural,Texas,Strongly favor,Strongly oppose,Strongly favor,No,Something else
11782,0.7943,Republican,50-64,Some college,Urban,Texas,Strongly favor,99,Somewhat favor,No,No concerns
11783,0.8657,Democrat,50-64,High school or less,Suburban,Texas,Strongly favor,Strongly oppose,Strongly favor,No,Uses too much land
11784,1.5192,Independent,18-29,Some college,Urban,Texas,Strongly favor,Somewhat oppose,Somewhat oppose,No,Worried about property values
11785,1.6779,Republican,30-49,High school or less,Suburban,Arkansas,Strongly favor,Strongly oppose,Somewhat favor,Yes,Changes how the area looks
11786,0.9669,Independent,50-64,High school or less,Suburban,Missouri,Somewhat favor,Somewhat oppose,Strongly oppose,No,Uses too much land
11787,0.3844,Democrat,50-64,College graduate or more,Suburban,Arkansas,Strongly favor,Somewhat favor,Strongly oppose,Yes,Worried about property values
11788,1.0843,Republican,18-29,College graduate or more,Urban,Texas,Strongly favor,Somewhat favor,Somewhat favor,No,Something else
11789,0.7897,Republican,50-64,Some college,Suburban,Louisiana,Somewhat oppose,Strongly oppose,Somewhat oppose,No,Something else
11790,2.0216,Republican,18-29,Some college,Rural,Texas,Strongly favor,Somewhat oppose,Somewhat oppose,No,Doubts it is reliable
11791,0.7664,Independent,50-64,High school or less,Suburban,Arkansas,Somewhat oppose,Strongly favor,Somewhat favor,No,No concerns
11792,1.5541,Republican,30-49,High school or less,Urban,Louisiana,Somewhat favor,Somewhat favor,Strongly oppose,Yes,No concerns
11793,0.5755,Democrat,65+,Some college,Suburban,Texas,Strongly favor,Somewhat favor,Somewhat favor,No,Uses too much land
11794,0.7388,Independent,30-49,College graduate or more,Urban,Oklahoma,Strongly favor,Strongly oppose,Somewhat favor,No,Uses too much land
11795,1.2486,Democrat,30-49,High school or less,Rural,Texas,Strongly favor,Somewhat favor,Strongly oppose,No,Something else
11796,0.7044,Independent,65+,Some college,Suburban,Texas,Somewhat oppose,Strongly oppose,Strongly oppose,No,Uses too much land
11797,1.5219,Republican,18-29,Some college,Suburban,Louisiana,Somewhat favor,Strongly oppose,Somewhat oppose,No,Uses too much land
11798,1.1996,Republican,30-49,Some college,Urban,Louisiana,Somewhat favor,Somewhat favor,Strongly favor,No,Something else
11799,0.888,Republican,50-64,Some college,Urban,Texas,Strongly oppose,Strongly oppose,Strongly oppose,No,Changes how the area looks
11800,0.8973,Independent,30-49,College graduate or more,Rural,Texas,Strongly favor,Strongly oppose,Somewhat favor,Yes,Worried about property values
11801,1.7459,Republican,18-29,High school or less,Suburban,Missouri,Somewhat favor,Strongly favor,Somewhat oppose,No,Worried about property values
11802,1.0879,Democrat,30-49,High school or less,Suburban,Texas,Strongly favor,Strongly favor,Somewhat favor,No,No concerns
11803,0.3854,Republican,65+,College graduate or more,Rural,Texas,Somewhat oppose,Somewhat oppose,Somewhat oppose,No,Doubts it is reliable
11804,1.4929,Republican,18-29,Some college,Urban,Kansas,Somewhat favor,Strongly oppose,Strongly oppose,Yes,Something else
11805,0.9317,Republican,50-64,High school or less,Urban,Kansas,Strongly favor,Somewhat favor,Strongly favor,No,Uses too much land
11806,0.5974,Democrat,50-64,High school or less,Suburban,Texas,Strongly favor,Somewhat favor,Strongly oppose,No,Changes how the area looks
11807,0.6576,Republican,30-49,College graduate or more,Suburban,Oklahoma,Somewhat favor,Strongly favor,Somewhat favor,No,No concerns
11808,1.0186,Republican,30-49,Some college,Suburban,Missouri,Strongly oppose,Somewhat oppose,Somewhat oppose,No,Doubts it is reliable
11809,0.6755,Independent,50-64,Some college,Suburban,Texas,Strongly favor,Strongly favor,Somewhat favor,No,No concerns
11810,0.8216,Republican,65+,Some college,Urban,Texas,Strongly favor,Strongly oppose,Somewhat favor,Yes,Worried about property values
11811,0.595,Independent,65+,College graduate or more,Rural,Texas,Somewhat favor,Strongly oppose,Strongly favor,No,Doubts it is reliable
11812,1.1394,Independent,30-49,High school or less,Suburban,Texas,Somewhat favor,Strongly favor,99,No,No concerns
11813,1.1981,Republican,18-29,Some college,Suburban,Oklahoma,Strongly favor,Somewhat favor,Somewhat favor,No,Something else
11814,0.6067,Democrat,65+,High school or less,Suburban,Arkansas,Strongly favor,Somewhat favor,Strongly oppose,No,No concerns
11815,0.6078,Democrat,65+,Some college,Rural,Oklahoma,Strongly oppose,Strongly favor,Strongly favor,Yes,Something else
11816,1.0907,Independent,65+,High school or less,Urban,Texas,Strongly favor,99,Somewhat favor,No,Worried about property values
11817,0.8697,Democrat,30-49,Some college,Rural,Texas,Strongly favor,Somewhat favor,Somewhat favor,No,No concerns
11818,0.5616,Republican,50-64,Some college,Urban,Texas,Strongly oppose,Somewhat oppose,Somewhat oppose,No,Worried about property values
11819,0.3976,Republican,50-64,College graduate or more,Urban,Texas,Strongly favor,Strongly oppose,Strongly favor,Yes,Changes how the area looks
11820,0.6411,Republican,50-64,Some college,Suburban,Texas,Strongly favor,Somewhat oppose,Somewhat favor,No,Uses too much land
11821,1.6023,Democrat,18-29,High school or less,Suburban,Arkansas,Strongly favor,Somewhat favor,Somewhat favor,No,No concerns
11822,0.9686,Republican,65+,High school or less,Suburban,Oklahoma,Strongly oppose,Strongly favor,Somewhat favor,Yes,Something else
11823,1.2829,Republican,50-64,High school or less,Rural,Oklahoma,Somewhat favor,Somewhat favor,Somewhat oppose,Yes,Worried about property values
11824,0.6415,Republican,50-64,Some college,Urban,Louisiana,Somewhat favor,Somewhat favor,Strongly oppose,No,Uses too much land
11825,0.3627,Republican,65+,College graduate or more,Suburban,Texas,Somewhat favor,Strongly oppose,Strongly oppose,No,Worried about property values
11826,1.2747,Republican,65+,High school or less,Suburban,Arkansas,Strongly oppose,Somewhat oppose,Strongly oppose,Yes,Something else
11827,0.2314,Democrat,65+,College graduate or more,Suburban,Kansas,Somewhat favor,Somewhat favor,Strongly favor,No,Worried about property values
11828,1.175,Republican,30-49,College graduate or more,Rural,Missouri,Somewhat favor,Strongly favor,Strongly oppose,No,No concerns
11829,0.3056,Democrat,65+,College graduate or more,Urban,Texas,Strongly favor,Somewhat favor,Strongly favor,No,No concerns
11830,0.5096,Independent,50-64,College graduate or more,Rural,Louisiana,Somewhat oppose,Strongly oppose,Somewhat oppose,No,Uses too much land
11831,1.121,Republican,30-49,High school or less,Suburban,Oklahoma,Somewhat favor,Somewhat oppose,Somewhat oppose,No,Worried about property values
11832,0.5561,Democrat,65+,Some college,Urban,Louisiana,Somewhat oppose,Strongly oppose,Strongly favor,No,Worried about property values
11833,0.4873,Republican,65+,College graduate or more,Urban,Texas,Strongly favor,Strongly oppose,Somewhat favor,No,Changes how the area looks
11834,1.0026,Independent,50-64,High school or less,Suburban,Oklahoma,Strongly favor,99,Somewhat oppose,No,No concerns
11835,0.8752,Independent,30-49,Some college,Urban,Oklahoma,Strongly oppose,Somewhat favor,Somewhat favor,No,No concerns
11836,0.4477,Republican,30-49,College graduate or more,Suburban,Missouri,Somewhat favor,Somewhat oppose,Strongly favor,No,Uses too much land
11837,0.5068,Independent,65+,College graduate or more,Suburban,Arkansas,Somewhat favor,Strongly oppose,Strongly oppose,Yes,Uses too much land
11838,0.8966,Republican,50-64,High school or less,Urban,Arkansas,Strongly favor,Strongly favor,Somewhat oppose,No,Uses too much land
11839,0.7816,Republican,30-49,College graduate or more,Urban,Texas,Somewhat oppose,Somewhat favor,Strongly oppose,No,No concerns
11840,0.7922,Democrat,30-49,Some college,Suburban,Louisiana,Strongly favor,Somewhat favor,Somewhat favor,No,Worried about property values
11841,0.2929,Democrat,65+,College graduate or more,Suburban,Texas,Somewhat favor,Somewhat favor,Somewhat favor,No,Something else
11842,0.5825,Republican,30-49,College graduate or more,Suburban,Texas,Strongly favor,Strongly oppose,Somewhat oppose,No,Something else
11843,1.2148,Democrat,18-29,Some college,Urban,Missouri,Strongly favor,Strongly favor,Somewhat favor,No,No concerns
11844,0.38,Democrat,50-64,College graduate or more,Suburban,Texas,Strongly favor,Strongly favor,Somewhat favor,No,Worried about property values
11845,0.8489,Republican,65+,High school or less,Urban,Arkansas,Somewhat favor,Strongly favor,Somewhat oppose,No,No concerns
11846,0.9708,Democrat,30-49,Some college,Urban,Texas,Somewhat favor,Strongly favor,Somewhat favor,No,No concerns
11847,0.9092,Democrat,50-64,High school or less,Suburban,Louisiana,Somewhat favor,Strongly favor,Somewhat oppose,Yes,No concerns
11848,0.3927,Democrat,50-64,College graduate or more,Suburban,Oklahoma,Strongly favor,Somewhat favor,99,No,No concerns
11849,2.3655,Republican,18-29,High school or less,Suburban,Missouri,Somewhat favor,Strongly oppose,Somewhat favor,No,Changes how the area looks
11850,1.602,Republican,30-49,Some college,Urban,Oklahoma,Strongly favor,Strongly favor,Somewhat favor,No,Uses too much land
11851,0.8936,Republican,30-49,Some college,Urban,Louisiana,Somewhat favor,Somewhat favor,Somewhat oppose,No,No concerns
11852,1.8666,Republican,30-49,High school or less,Rural,Louisiana,Somewhat favor,Strongly oppose,Somewhat favor,Yes,Uses too much land
11853,0.4901,Democrat,50-64,College graduate or more,Suburban,Texas,Strongly favor,99,Somewhat favor,No,Uses too much land
11854,0.7768,Democrat,65+,High school or less,Urban,Arkansas,Strongly oppose,Somewhat favor,Somewhat favor,No,Changes how the area looks
11855,1.1111,Republican,50-64,High school or less,Urban,Texas,Strongly oppose,Somewhat oppose,Somewhat oppose,No,Uses too much land
11856,1.0746,Independent,18-29,Some college,Rural,Oklahoma,Somewhat favor,Strongly oppose,Somewhat oppose,No,Uses too much land
11857,1.2567,Republican,18-29,College graduate or more,Urban,Texas,Somewhat favor,Somewhat oppose,Somewhat favor,No,Uses too much land
11858,0.5604,Independent,65+,College graduate or more,Suburban,Texas,Strongly favor,Strongly oppose,Strongly oppose,No,Worried about property values
11859,2.2881,Republican,18-29,Some college,Rural,Louisiana,Somewhat oppose,Somewhat oppose,Strongly oppose,No,Uses too much land
11860,1.1128,Republican,30-49,High school or less,Urban,Texas,Somewhat oppose,Strongly oppose,Somewhat oppose,No,Uses too much land
11861,0.3915,Republican,50-64,College graduate or more,Urban,Oklahoma,Strongly favor,Somewhat favor,Somewhat oppose,No,Changes how the area looks
11862,0.9555,Independent,65+,Some college,Rural,Missouri,Somewhat favor,Somewhat favor,Somewhat favor,Yes,No concerns
11863,0.8442,Republican,30-49,College graduate or more,Rural,Texas,Strongly oppose,Somewhat oppose,Somewhat favor,No,Uses too much land
11864,2.014,Democrat,30-49,High school or less,Rural,Texas,Somewhat favor,Somewhat favor,99,No,Something else
11865,0.6727,Independent,30-49,College graduate or more,Suburban,Louisiana,Strongly favor,Somewhat oppose,Strongly favor,Yes,Changes how the area looks
11866,0.6871,Democrat,65+,High school or less,Suburban,Arkansas,Strongly favor,Somewhat favor,Somewhat favor,Yes,No concerns
11867,1.7235,Democrat,18-29,High school or less,Suburban,Texas,Somewhat favor,Somewhat favor,Somewhat favor,No,Uses too much land
11868,0.6311,Republican,30-49,College graduate or more,Suburban,Missouri,Strongly favor,Strongly oppose,Somewhat favor,No,Something else
11869,0.3609,Democrat,65+,College graduate or more,Suburban,Texas,Somewhat favor,Strongly favor,Somewhat favor,No,No concerns
11870,0.6036,Democrat,30-49,College graduate or more,Rural,Arkansas,Strongly favor,Somewhat oppose,Strongly oppose,No,Uses too much land
11871,0.6174,Independent,50-64,Some college,Urban,Texas,Strongly favor,Somewhat oppose,Strongly favor,No,Uses too much land
11872,1.3281,Independent,50-64,High school or less,Rural,Kansas,Somewhat favor,Somewhat oppose,Somewhat oppose,Yes,Changes how the area looks
11873,1.2508,Democrat,30-49,High school or less,Suburban,Texas,Somewhat favor,Somewhat favor,Strongly favor,No,Changes how the area looks
11874,0.6427,Democrat,50-64,College graduate or more,Suburban,Arkansas,Strongly favor,Somewhat favor,Strongly favor,No,Uses too much land
11875,1.3569,Republican,30-49,High school or less,Suburban,Oklahoma,Somewhat favor,Strongly oppose,Somewhat oppose,No,Changes how the area looks
11876,0.5067,Independent,65+,College graduate or more,Urban,Texas,Somewhat favor,Somewhat favor,Somewhat favor,No,Changes how the area looks
11877,0.7994,Republican,65+,Some college,Rural,Texas,Strongly favor,Strongly favor,99,Yes,Worried about property values
11878,2.4285,Democrat,18-29,High school or less,Suburban,Kansas,Somewhat oppose,Strongly favor,Strongly favor,No,No concerns
11879,0.8628,Independent,30-49,College graduate or more,Urban,Missouri,Strongly favor,Strongly favor,Somewhat favor,No,No concerns
11880,0.4332,Independent,50-64,College graduate or more,Suburban,Missouri,Strongly favor,Somewhat favor,Strongly favor,No,Something else
11881,0.397,Republican,50-64,College graduate or more,Suburban,Texas,Somewhat oppose,Somewhat oppose,Somewhat favor,No,Doubts it is reliable
11882,0.2997,Independent,65+,College graduate or more,Suburban,Kansas,Strongly favor,Somewhat favor,Strongly favor,No,Worried about property values
11883,1.378,Independent,30-49,Some college,Urban,Kansas,Strongly favor,Somewhat favor,Strongly favor,No,Worried about property values
11884,2.0536,Republican,18-29,High school or less,Suburban,Texas,Somewhat favor,Strongly oppose,Strongly oppose,No,Worried about property values
11885,0.3282,Democrat,50-64,College graduate or more,Suburban,Missouri,Strongly favor,99,Somewhat favor,No,No concerns
11886,1.3598,Independent,50-64,High school or less,Suburban,Oklahoma,Somewhat favor,Strongly oppose,Somewhat favor,No,Doubts it is reliable
11887,1.257,Democrat,18-29,Some college,Urban,Texas,Strongly favor,Somewhat favor,Somewhat favor,Yes,Worried about property values
11888,1.1675,Republican,30-49,Some college,Rural,Louisiana,Strongly oppose,Somewhat favor,Strongly oppose,No,Something else
11889,0.942,Independent,18-29,College graduate or more,Urban,Kansas,Somewhat favor,Somewhat favor,Somewhat oppose,Yes,No concerns
11890,2.1847,Republican,18-29,High school or less,Suburban,Louisiana,Somewhat favor,Strongly oppose,Somewhat favor,No,Worried about property values
11891,1.7434,Independent,30-49,High school or less,Rural,Texas,Somewhat favor,Somewhat oppose,99,Yes,Changes how the area looks
11892,0.8379,Democrat,18-29,College graduate or more,Rural,Louisiana,Somewhat favor,Somewhat favor,Strongly favor,No,Changes how the area looks
11893,0.5007,Independent,30-49,College graduate or more,Suburban,Texas,Strongly favor,Strongly favor,Somewhat favor,No,Worried about property values
11894,0.5327,Democrat,50-64,Some college,Suburban,Texas,Somewhat favor,Somewhat favor,Strongly favor,No,No concerns
11895,2.0246,Republican,18-29,Some college,Urban,Oklahoma,Strongly favor,Somewhat oppose,Somewhat favor,No,Uses too much land
11896,0.5698,Republican,50-64,College graduate or more,Rural,Oklahoma,Somewhat favor,Somewhat favor,Somewhat oppose,No,Worried about property values
11897,1.0054,Republican,18-29,College graduate or more,Urban,Kansas,Strongly favor,Strongly oppose,Somewhat oppose,No,Uses too much land
11898,0.3787,Independent,65+,College graduate or more,Suburban,Texas,Somewhat favor,Somewhat oppose,Somewhat favor,No,Doubts it is reliable
11899,1.4618,Independent,18-29,Some college,Suburban,Oklahoma,Strongly favor,Strongly favor,Somewhat favor,Yes,Uses too much land
11900,1.0802,Independent,18-29,College graduate or more,Urban,Missouri,Somewhat favor,Strongly favor,Strongly favor,No,No concerns
11901,1.3981,Republican,18-29,College graduate or more,Urban,Texas,Strongly favor,Strongly oppose,Somewhat favor,No,Worried about property values
11902,0.7242,Independent,30-49,College graduate or more,Suburban,Oklahoma,Somewhat favor,Strongly favor,Strongly favor,No,No concerns
11903,0.7824,Democrat,50-64,High school or less,Suburban,Texas,Strongly favor,Somewhat favor,Somewhat favor,No,No concerns
11904,1.3739,Independent,30-49,Some college,Suburban,Arkansas,Somewhat favor,Strongly oppose,Somewhat oppose,No,Doubts it is reliable
11905,0.8653,Independent,65+,High school or less,Suburban,Texas,Somewhat favor,Strongly favor,Somewhat favor,No,No concerns
11906,1.6461,Democrat,30-49,High school or less,Rural,Texas,Somewhat favor,Somewhat oppose,Strongly favor,Yes,Something else
11907,0.7053,Democrat,65+,High school or less,Rural,Texas,Somewhat favor,Somewhat favor,Somewhat favor,Yes,No concerns
11908,0.366,Republican,65+,College graduate or more,Urban,Texas,Somewhat oppose,Somewhat favor,Somewhat oppose,No,No concerns
11909,0.5485,Democrat,65+,High school or less,Urban,Texas,Somewhat favor,Somewhat oppose,Somewhat favor,No,Worried about property values
11910,1.2184,Republican,30-49,Some college,Urban,Texas,Somewhat favor,Somewhat favor,99,No,No concerns
11911,0.6086,Democrat,65+,Some college,Rural,Texas,Somewhat favor,Somewhat favor,Somewhat favor,No,No concerns
11912,0.4746,Republican,50-64,College graduate or more,Urban,Oklahoma,Somewhat oppose,Strongly favor,Somewhat favor,No,No concerns
11913,0.2545,Democrat,50-64,College graduate or more,Suburban,Louisiana,Somewhat favor,Strongly favor,Strongly favor,No,Uses too much land
11914,0.9871,Independent,30-49,Some college,Suburban,Kansas,Somewhat favor,Somewhat favor,Strongly favor,No,No concerns
11915,0.3328,Democrat,65+,College graduate or more,Suburban,Arkansas,Strongly favor,Somewhat favor,Somewhat favor,No,Something else
11916,0.6646,Independent,65+,Some college,Rural,Texas,Strongly favor,Somewhat oppose,99,Yes,Uses too much land
11917,0.5893,Republican,30-49,College graduate or more,Suburban,Texas,Strongly favor,Strongly oppose,Somewhat oppose,Yes,Worried about property values
11918,0.3616,Democrat,50-64,College graduate or more,Rural,Texas,Somewhat oppose,99,Somewhat oppose,No,No concerns
11919,0.8154,Republican,50-64,High school or less,Suburban,Missouri,Somewhat oppose,Somewhat oppose,Strongly favor,No,Worried about property values
11920,0.513,Democrat,30-49,College graduate or more,Urban,Oklahoma,Strongly favor,Strongly favor,Strongly favor,Yes,No concerns
11921,0.4236,Independent,65+,College graduate or more,Suburban,Oklahoma,Strongly favor,Somewhat favor,Strongly oppose,No,Something else
11922,0.8109,Democrat,50-64,High school or less,Rural,Louisiana,Strongly favor,Somewhat favor,99,No,No concerns
11923,0.3581,Independent,65+,College graduate or more,Suburban,Texas,Strongly favor,Strongly favor,Somewhat favor,No,No concerns
11924,1.1699,Independent,30-49,High school or less,Urban,Kansas,Strongly favor,Somewhat favor,Somewhat oppose,No,Something else
11925,1.0215,Independent,30-49,Some college,Suburban,Texas,Strongly favor,Strongly favor,Strongly favor,Yes,No concerns
11926,1.4551,Democrat,30-49,High school or less,Urban,Oklahoma,Strongly favor,Somewhat favor,Somewhat favor,No,No concerns
11927,0.598,Republican,50-64,College graduate or more,Suburban,Kansas,Strongly oppose,Somewhat favor,Somewhat oppose,No,Something else
11928,1.3067,Independent,30-49,High school or less,Suburban,Texas,Somewhat favor,Somewhat favor,Strongly favor,No,Changes how the area looks
11929,0.3783,Democrat,50-64,College graduate or more,Rural,Kansas,Somewhat favor,Strongly favor,Strongly favor,No,No concerns
11930,1.5079,Republican,18-29,Some college,Urban,Oklahoma,Somewhat favor,Somewhat favor,Strongly oppose,Yes,Changes how the area looks
11931,0.3493,Independent,50-64,College graduate or more,Suburban,Oklahoma,Strongly oppose,Somewhat favor,Strongly favor,No,No concerns
11932,1.8393,Republican,18-29,High school or less,Urban,Missouri,Strongly favor,Somewhat favor,Strongly oppose,No,Worried about property values
11933,0.6045,Independent,65+,Some college,Urban,Louisiana,Somewhat oppose,Strongly oppose,Somewhat oppose,No,Worried about property values
11934,2.1614,Independent,18-29,High school or less,Urban,Arkansas,Somewhat favor,Somewhat favor,Strongly favor,No,No concerns
11935,1.201,Republican,30-49,Some college,Urban,Kansas,Somewhat favor,Somewhat oppose,Strongly oppose,No,Uses too much land
11936,1.0946,Independent,50-64,High school or less,Rural,Arkansas,Strongly favor,Somewhat favor,Somewhat favor,Yes,Worried about property values
11937,1.7542,Independent,18-29,High school or less,Suburban,Texas,Somewhat favor,Strongly favor,Somewhat favor,No,Something else
11938,1.2014,Independent,18-29,College graduate or more,Urban,Oklahoma,Somewhat favor,Strongly favor,Strongly favor,No,Worried about property values
11939,2.3245,Republican,18-29,High school or less,Rural,Texas,Strongly favor,Strongly oppose,Somewhat oppose,No,Worried about property values
11940,0.7824,Independent,18-29,College graduate or more,Suburban,Texas,Somewhat favor,Somewhat oppose,Strongly favor,No,Changes how the area looks
11941,0.8408,Democrat,50-64,High school or less,Rural,Louisiana,Strongly favor,Somewhat favor,Somewhat favor,Yes,No concerns
11942,1.1038,Independent,50-64,Some college,Suburban,Texas,Somewhat oppose,Somewhat favor,Somewhat oppose,No,No concerns
11943,0.4661,Democrat,30-49,College graduate or more,Suburban,Texas,Somewhat favor,Strongly favor,Somewhat favor,No,Worried about property values
11944,0.4396,Independent,50-64,College graduate or more,Suburban,Louisiana,Somewhat favor,Somewhat oppose,Strongly oppose,No,Doubts it is reliable
11945,1.4833,Independent,18-29,Some college,Suburban,Missouri,Somewhat favor,Strongly oppose,Somewhat favor,No,Changes how the area looks
11946,1.0482,Independent,30-49,Some college,Rural,Oklahoma,Strongly favor,Strongly oppose,Strongly oppose,No,Changes how the area looks
11947,0.6615,Independent,30-49,College graduate or more,Suburban,Arkansas,Somewhat favor,Somewhat favor,Somewhat favor,No,Changes how the area looks
11948,1.2217,Republican,65+,High school or less,Suburban,Texas,Somewhat favor,Strongly oppose,Somewhat oppose,No,Something else
11949,0.5517,Independent,65+,College graduate or more,Urban,Texas,Somewhat favor,Somewhat oppose,Strongly favor,No,Something else
11950,0.6235,Democrat,30-49,College graduate or more,Suburban,Kansas,Strongly favor,99,Strongly favor,No,Uses too much land
11951,1.2554,Republican,30-49,Some college,Suburban,Kansas,Somewhat favor,Strongly oppose,Strongly oppose,No,Uses too much land
11952,0.5581,Independent,65+,Some college,Suburban,Texas,Somewhat favor,Somewhat favor,Strongly favor,Yes,No concerns
11953,0.2911,Democrat,65+,College graduate or more,Suburban,Texas,Somewhat favor,Strongly favor,Strongly favor,No,Something else
11954,0.9968,Independent,50-64,High school or less,Rural,Arkansas,Somewhat favor,Somewhat favor,Strongly favor,No,No concerns
11955,0.6816,Independent,30-49,College graduate or more,Suburban,Texas,Strongly favor,Somewhat oppose,Somewhat favor,No,Worried about property values
11956,0.8006,Independent,30-49,Some college,Suburban,Kansas,Strongly favor,Strongly favor,Strongly oppose,No,No concerns
11957,0.7305,Republican,50-64,Some college,Urban,Arkansas,Somewhat favor,Somewhat favor,Strongly oppose,No,Uses too much land
11958,0.7443,Republican,50-64,High school or less,Suburban,Kansas,Strongly favor,Strongly oppose,99,Yes,Changes how the area looks
11959,1.0801,Democrat,30-49,Some college,Suburban,Kansas,Strongly favor,Strongly favor,Somewhat oppose,No,Something else
11960,1.4915,Republican,18-29,Some college,Suburban,Oklahoma,Somewhat favor,Somewhat favor,Somewhat oppose,No,Worried about property values
11961,0.9515,Republican,30-49,Some college,Suburban,Texas,Strongly favor,Somewhat favor,Strongly favor,No,Worried about property values
11962,0.313,Republican,65+,College graduate or more,Suburban,Arkansas,Somewhat oppose,Somewhat oppose,Somewhat favor,Yes,Changes how the area looks
11963,0.6483,Independent,65+,Some college,Suburban,Arkansas,Strongly favor,Strongly favor,Somewhat favor,No,No concerns
11964,0.9551,Democrat,30-49,High school or less,Suburban,Louisiana,Somewhat favor,Somewhat favor,Somewhat favor,Yes,No concerns
11965,1.9096,Independent,30-49,High school or less,Rural,Louisiana,Strongly favor,Strongly favor,Somewhat favor,Yes,Changes how the area looks
11966,1.553,Independent,18-29,Some college,Urban,Texas,Strongly favor,Somewhat favor,Strongly oppose,Yes,Uses too much land
11967,1.6687,Independent,30-49,Some college,Rural,Texas,Somewhat favor,Strongly oppose,Somewhat oppose,Yes,Changes how the area looks
11968,1.9274,Democrat,18-29,High school or less,Suburban,Oklahoma,Somewhat favor,Somewhat oppose,Somewhat favor,No,Worried about property values
11969,1.8355,Republican,18-29,Some college,Rural,Texas,Strongly favor,Somewhat oppose,Somewhat oppose,No,Uses too much land
11970,0.9264,Independent,18-29,College graduate or more,Suburban,Arkansas,Strongly favor,Somewhat favor,Somewhat oppose,No,No concerns
11971,1.079,Republican,50-64,High school or less,Suburban,Oklahoma,Somewhat oppose,Strongly oppose,Somewhat oppose,No,Worried about property values
11972,1.0781,Democrat,50-64,High school or less,Rural,Texas,Somewhat favor,Somewhat oppose,Somewhat favor,No,Worried about property values
11973,0.8273,Democrat,30-49,Some college,Suburban,Texas,Somewhat favor,Somewhat favor,Strongly favor,Yes,Changes how the area looks
11974,0.5352,Independent,65+,Some college,Suburban,Arkansas,Somewhat favor,Strongly oppose,Strongly oppose,Yes,Changes how the area looks
11975,0.7925,Democrat,65+,High school or less,Suburban,Louisiana,Somewhat favor,Somewhat oppose,Somewhat favor,No,Changes how the area looks
11976,0.599,Independent,30-49,College graduate or more,Urban,Missouri,Strongly favor,Somewhat favor,Somewhat favor,No,Changes how the area looks
11977,1.1715,Republican,50-64,High school or less,Urban,Texas,Somewhat favor,Somewhat oppose,Strongly oppose,No,Something else
11978,0.4137,Independent,65+,College graduate or more,Rural,Oklahoma,Strongly favor,Strongly favor,Somewhat oppose,No,No concerns
11979,1.384,Democrat,18-29,High school or less,Suburban,Louisiana,Somewhat favor,Strongly favor,Somewhat favor,No,No concerns
11980,3.6554,Republican,18-29,High school or less,Rural,Louisiana,Somewhat favor,Strongly oppose,Somewhat oppose,No,Uses too much land
11981,1.1758,Republican,30-49,Some college,Rural,Oklahoma,Strongly favor,Somewhat oppose,Somewhat oppose,No,Doubts it is reliable
11982,1.4703,Republican,30-49,High school or less,Suburban,Arkansas,Somewhat favor,Somewhat favor,Somewhat favor,No,No concerns
11983,0.529,Independent,50-64,College graduate or more,Rural,Oklahoma,Strongly favor,Somewhat oppose,Strongly oppose,Yes,Changes how the area looks
11984,0.4419,Republican,50-64,College graduate or more,Suburban,Kansas,Somewhat oppose,Strongly oppose,Somewhat oppose,No,Something else
11985,0.6368,Independent,30-49,College graduate or more,Suburban,Arkansas,Strongly oppose,Somewhat oppose,Strongly oppose,No,Uses too much land
11986,1.0847,Independent,30-49,Some college,Urban,Arkansas,Strongly favor,Somewhat favor,Somewhat favor,No,Changes how the area looks
11987,0.4363,Republican,65+,College graduate or more,Suburban,Texas,Strongly favor,Strongly oppose,Strongly favor,No,Uses too much land
11988,0.9317,Democrat,30-49,Some college,Suburban,Texas,Somewhat favor,Strongly favor,Somewhat favor,No,No concerns
11989,0.9881,Independent,65+,High school or less,Urban,Texas,Strongly favor,Somewhat favor,Somewhat oppose,No,No concerns
11990,0.7601,Republican,50-64,Some college,Urban,Louisiana,Strongly favor,Somewhat oppose,Somewhat favor,No,Uses too much land
11991,0.5307,Independent,30-49,College graduate or more,Suburban,Louisiana,Somewhat favor,Somewhat oppose,Strongly oppose,No,Changes how the area looks
11992,0.6022,Republican,65+,Some college,Suburban,Texas,Somewhat oppose,Strongly oppose,Strongly oppose,No,Worried about property values
11993,0.4378,Democrat,65+,Some college,Suburban,Kansas,Strongly favor,Strongly favor,Somewhat favor,No,No concerns
11994,1.9183,Republican,30-49,High school or less,Urban,Texas,Strongly favor,Somewhat oppose,Strongly favor,No,Changes how the area looks
11995,1.0564,Republican,50-64,High school or less,Suburban,Kansas,Strongly favor,Strongly favor,Somewhat oppose,Yes,Worried about property values
11996,0.5059,Democrat,30-49,College graduate or more,Suburban,Texas,Somewhat favor,Somewhat favor,Somewhat favor,No,No concerns
11997,1.5006,Independent,18-29,Some college,Rural,Arkansas,Strongly oppose,Strongly oppose,Somewhat oppose,No,Uses too much land
11998,0.6128,Republican,65+,Some college,Urban,Arkansas,Strongly favor,Strongly oppose,Somewhat favor,No,Doubts it is reliable
11999,1.6143,Independent,18-29,Some college,Urban,Oklahoma,Somewhat favor,Strongly favor,Strongly favor,No,No concerns
12000,0.3973,Independent,50-64,College graduate or more,Suburban,Kansas,Strongly favor,Strongly favor,Strongly oppose,No,No concerns
12001,0.7526,Democrat,50-64,High school or less,Suburban,Texas,Strongly favor,Strongly oppose,Somewhat favor,Yes,Changes how the area looks
12002,1.2423,Independent,50-64,High school or less,Urban,Oklahoma,Strongly oppose,Somewhat favor,Strongly favor,No,No concerns
12003,1.319,Democrat,30-49,High school or less,Urban,Texas,Somewhat favor,Somewhat favor,Strongly favor,No,Changes how the area looks
12004,0.79,Independent,50-64,Some college,Suburban,Texas,Strongly favor,Strongly oppose,Somewhat oppose,No,Something else
12005,0.7493,Democrat,50-64,High school or less,Suburban,Texas,Somewhat favor,Strongly favor,Somewhat favor,No,No concerns
12006,1.0458,Republican,50-64,High school or less,Suburban,Louisiana,Somewhat oppose,Somewhat oppose,Strongly favor,No,Uses too much land
12007,0.4836,Democrat,50-64,Some college,Urban,Arkansas,Strongly favor,Strongly favor,Strongly favor,Yes,No concerns
12008,1.6304,Republican,30-49,High school or less,Suburban,Oklahoma,Strongly favor,Somewhat favor,Somewhat favor,No,Worried about property values
12009,0.8703,Democrat,50-64,High school or less,Rural,Texas,Strongly favor,Strongly oppose,Somewhat oppose,No,Uses too much land
12010,0.4278,Independent,50-64,College graduate or more,Suburban,Oklahoma,Strongly oppose,Strongly favor,Strongly favor,No,No concerns
12011,0.7888,Republican,18-29,College graduate or more,Urban,Oklahoma,Somewhat favor,Somewhat favor,Strongly favor,No,Uses too much land
12012,1.401,Independent,30-49,High school or less,Suburban,Louisiana,Somewhat favor,99,Somewhat oppose,No,Changes how the area looks
12013,0.6916,Democrat,30-49,Some college,Suburban,Texas,Strongly favor,Somewhat favor,Somewhat favor,No,No concerns
12014,0.6402,Democrat,65+,High school or less,Urban,Missouri,Somewhat favor,Strongly favor,Strongly favor,No,No concerns
12015,0.9149,Republican,30-49,Some college,Suburban,Texas,Somewhat oppose,Somewhat oppose,Somewhat favor,No,Uses too much land
12016,0.496,Republican,65+,College graduate or more,Rural,Texas,Somewhat favor,Somewhat oppose,Somewhat oppose,No,Uses too much land
12017,0.4645,Republican,50-64,College graduate or more,Suburban,Arkansas,Somewhat favor,Somewhat oppose,Strongly favor,Yes,Uses too much land
12018,2.6448,Republican,18-29,Some college,Rural,Arkansas,Somewhat favor,Somewhat oppose,Strongly oppose,No,Uses too much land
12019,0.8103,Republican,65+,High school or less,Urban,Louisiana,Strongly oppose,Strongly oppose,Somewhat oppose,No,Worried about property values
12020,0.6702,Independent,50-64,Some college,Suburban,Kansas,Somewhat favor,Somewhat oppose,Somewhat oppose,No,Changes how the area looks
12021,0.4924,Republican,50-64,College graduate or more,Rural,Texas,Strongly favor,Somewhat oppose,99,Yes,Uses too much land
12022,0.5164,Democrat,65+,Some college,Urban,Oklahoma,Strongly favor,Somewhat favor,Strongly favor,Yes,No concerns
12023,2.2082,Independent,18-29,High school or less,Rural,Texas,Strongly favor,Strongly oppose,Somewhat favor,No,Uses too much land
12024,0.793,Republican,30-49,College graduate or more,Suburban,Texas,Strongly favor,Strongly oppose,Somewhat oppose,No,Uses too much land
12025,1.3131,Republican,18-29,Some college,Suburban,Oklahoma,Somewhat oppose,Somewhat oppose,Somewhat oppose,No,Changes how the area looks
12026,0.8002,Republican,18-29,College graduate or more,Suburban,Texas,Somewhat oppose,Strongly favor,Somewhat oppose,No,No concerns
12027,1.7773,Republican,30-49,High school or less,Urban,Texas,Strongly favor,Somewhat favor,Somewhat favor,No,Something else
12028,0.4204,Independent,50-64,College graduate or more,Rural,Arkansas,Strongly favor,Somewhat favor,Somewhat oppose,No,No concerns
12029,0.6859,Republican,30-49,College graduate or more,Suburban,Oklahoma,Somewhat favor,Strongly oppose,Somewhat favor,No,Changes how the area looks
12030,0.7279,Republican,65+,High school or less,Suburban,Texas,Strongly favor,Somewhat favor,Strongly favor,No,No concerns
12031,0.4729,Democrat,65+,Some college,Rural,Oklahoma,Somewhat oppose,Strongly favor,Somewhat favor,No,No concerns
12032,1.2075,Independent,30-49,High school or less,Suburban,Missouri,Strongly favor,Strongly favor,Somewhat oppose,No,No concerns
12033,1.1109,Democrat,18-29,Some college,Suburban,Louisiana,Strongly favor,Strongly favor,Somewhat favor,Yes,No concerns
12034,1.0539,Independent,18-29,College graduate or more,Rural,Texas,Strongly favor,Strongly favor,Strongly favor,No,No concerns
12035,0.9288,Democrat,50-64,High school or less,Urban,Texas,Strongly favor,Somewhat favor,Strongly favor,Yes,No concerns
12036,1.7124,Independent,30-49,High school or less,Suburban,Kansas,Strongly favor,Somewhat favor,Somewhat favor,No,No concerns
12037,0.4556,Independent,65+,High school or less,Suburban,Oklahoma,Strongly favor,99,Somewhat oppose,No,No concerns
12038,0.4006,Republican,50-64,College graduate or more,Suburban,Louisiana,Somewhat oppose,Somewhat oppose,Strongly oppose,Yes,Worried about property values
12039,2.3022,Democrat,18-29,High school or less,Urban,Oklahoma,Strongly favor,Somewhat favor,Strongly favor,Yes,No concerns
12040,1.4551,Republican,18-29,Some college,Urban,Texas,Strongly oppose,Somewhat oppose,Strongly favor,No,Changes how the area looks
12041,0.6996,Democrat,30-49,Some college,Urban,Arkansas,Strongly favor,Somewhat favor,Strongly favor,Yes,Changes how the area looks
12042,0.8984,Democrat,50-64,High school or less,Urban,Oklahoma,Strongly favor,Strongly favor,Somewhat favor,No,No concerns
12043,0.983,Democrat,18-29,College graduate or more,Urban,Arkansas,Strongly favor,Strongly favor,Strongly favor,No,Worried about property values
12044,3.6181,Republican,18-29,High school or less,Rural,Missouri,Somewhat oppose,Somewhat oppose,Strongly oppose,Yes,Changes how the area looks
12045,0.8098,Democrat,65+,High school or less,Suburban,Missouri,Somewhat favor,Somewhat oppose,Strongly oppose,No,Uses too much land
12046,1.2411,Republican,30-49,High school or less,Rural,Texas,Somewhat favor,99,Strongly oppose,No,No concerns
12047,0.4611,Republican,50-64,College graduate or more,Suburban,Texas,Strongly favor,Somewhat oppose,Somewhat favor,Yes,Uses too much land
12048,1.4482,Independent,18-29,Some college,Urban,Texas,Somewhat favor,Strongly oppose,Somewhat favor,No,Doubts it is reliable
12049,1.1969,Republican,30-49,Some college,Urban,Texas,Somewhat oppose,Somewhat oppose,Somewhat oppose,No,Uses too much land
12050,0.4387,Democrat,65+,College graduate or more,Suburban,Texas,Strongly favor,Somewhat oppose,Strongly oppose,No,Changes how the area looks
12051,0.7479,Democrat,30-49,Some college,Suburban,Texas,Strongly favor,Somewhat favor,Somewhat favor,No,Changes how the area looks
12052,1.4574,Democrat,18-29,Some college,Suburban,Texas,Strongly favor,Somewhat favor,Somewhat favor,No,No concerns
12053,1.3147,Democrat,18-29,Some college,Rural,Arkansas,Somewhat favor,Somewhat favor,Strongly favor,No,Uses too much land
12054,0.557,Democrat,65+,Some college,Suburban,Arkansas,Strongly favor,Somewhat favor,Somewhat favor,No,Uses too much land
12055,0.9876,Independent,50-64,High school or less,Urban,Texas,Strongly favor,Somewhat oppose,Somewhat favor,No,Uses too much land
12056,0.5343,Republican,50-64,College graduate or more,Urban,Kansas,Strongly oppose,Somewhat oppose,Strongly favor,Yes,Changes how the area looks
12057,0.6772,Republican,65+,High school or less,Suburban,Missouri,Somewhat favor,Somewhat oppose,Strongly favor,No,Uses too much land
12058,0.7635,Democrat,65+,High school or less,Urban,Texas,Somewhat favor,Somewhat oppose,Strongly favor,No,Uses too much land
12059,0.782,Republican,50-64,Some college,Rural,Texas,Somewhat oppose,Strongly oppose,Strongly oppose,No,Doubts it is reliable
12060,2.5078,Republican,18-29,High school or less,Suburban,Kansas,Somewhat favor,Somewhat favor,Strongly oppose,No,No concerns
12061,0.6995,Republican,30-49,High school or less,Suburban,Texas,Strongly favor,Somewhat oppose,Somewhat oppose,Yes,Uses too much land
12062,0.5066,Independent,50-64,College graduate or more,Urban,Missouri,Strongly favor,Somewhat oppose,Somewhat oppose,No,Uses too much land
12063,0.5625,Republican,50-64,Some college,Suburban,Arkansas,Somewhat oppose,Strongly favor,Somewhat oppose,No,Uses too much land
12064,1.6431,Democrat,18-29,Some college,Rural,Louisiana,Somewhat favor,Strongly favor,Strongly favor,No,Changes how the area looks
12065,0.7507,Democrat,18-29,College graduate or more,Urban,Texas,Strongly favor,Somewhat favor,Strongly favor,Yes,No concerns
12066,1.6758,Republican,30-49,High school or less,Urban,Arkansas,Somewhat favor,Strongly favor,Somewhat favor,No,Changes how the area looks
12067,0.3497,Democrat,50-64,College graduate or more,Rural,Texas,Somewhat favor,99,Somewhat favor,No,Changes how the area looks
12068,0.4609,Democrat,65+,Some college,Suburban,Texas,Strongly favor,Somewhat favor,Somewhat favor,Yes,No concerns
12069,0.3567,Democrat,65+,College graduate or more,Urban,Texas,Somewhat favor,Somewhat favor,Somewhat favor,Yes,Something else
12070,1.4627,Democrat,18-29,High school or less,Rural,Texas,Strongly oppose,Somewhat favor,Strongly oppose,No,No concerns
12071,0.6952,Republican,30-49,College graduate or more,Suburban,Kansas,Strongly favor,99,Strongly oppose,No,Something else
12072,2.3122,Republican,18-29,High school or less,Suburban,Texas,Strongly favor,Somewhat favor,Somewhat oppose,No,Uses too much land
12073,0.667,Republican,65+,Some college,Suburban,Missouri,Strongly favor,Somewhat oppose,Strongly favor,No,Doubts it is reliable
12074,1.2619,Independent,30-49,High school or less,Suburban,Arkansas,Strongly favor,Somewhat favor,Strongly favor,No,No concerns
12075,2.0957,Democrat,18-29,High school or less,Suburban,Arkansas,Strongly favor,Somewhat favor,Strongly favor,No,Something else
12076,1.4604,Republican,30-49,High school or less,Suburban,Texas,Somewhat oppose,Somewhat oppose,Strongly favor,No,Something else
12077,0.6558,Democrat,30-49,Some college,Suburban,Oklahoma,Strongly favor,Somewhat favor,Strongly favor,No,Uses too much land
12078,0.7594,Republican,30-49,Some college,Suburban,Louisiana,Strongly favor,Strongly oppose,Strongly oppose,No,Uses too much land
12079,0.6043,Democrat,50-64,Some college,Suburban,Oklahoma,Strongly favor,Strongly favor,Somewhat favor,No,No concerns
12080,0.5444,Democrat,50-64,College graduate or more,Suburban,Louisiana,Somewhat favor,Somewhat favor,Somewhat favor,Yes,Something else
12081,0.6673,Democrat,50-64,High school or less,Urban,Kansas,Somewhat favor,Somewhat favor,Strongly favor,No,Changes how the area looks
12082,3.2952,Republican,18-29,High school or less,Rural,Kansas,Somewhat favor,Strongly oppose,Somewhat oppose,No,Changes how the area looks
12083,2.2225,Independent,30-49,High school or less,Urban,Louisiana,Strongly favor,Somewhat favor,Somewhat favor,No,No concerns
12084,0.3251,Democrat,50-64,College graduate or more,Suburban,Texas,Strongly favor,Strongly favor,Somewhat favor,No,No concerns
12085,0.7903,Democrat,65+,High school or less,Urban,Texas,Somewhat oppose,Somewhat favor,Somewhat favor,No,No concerns
12086,0.9125,Independent,65+,High school or less,Urban,Texas,Strongly favor,Strongly favor,Somewhat oppose,No,Changes how the area looks
12087,0.8863,Independent,65+,High school or less,Suburban,Kansas,Strongly favor,Somewhat favor,Strongly oppose,No,No concerns
12088,1.545,Republican,30-49,High school or less,Suburban,Texas,Somewhat oppose,Strongly favor,Somewhat oppose,No,No concerns
12089,2.2588,Democrat,18-29,High school or less,Suburban,Oklahoma,Strongly favor,Strongly favor,Strongly favor,No,Worried about property values
12090,0.4411,Republican,65+,College graduate or more,Suburban,Texas,Strongly oppose,Somewhat oppose,Strongly favor,No,Uses too much land
12091,1.028,Republican,65+,High school or less,Suburban,Oklahoma,Strongly favor,Strongly favor,Somewhat oppose,No,No concerns
12092,0.5651,Democrat,50-64,Some college,Suburban,Louisiana,Somewhat favor,Somewhat favor,Somewhat favor,No,Worried about property values
12093,0.5745,Republican,30-49,College graduate or more,Suburban,Missouri,Somewhat favor,Somewhat oppose,Somewhat oppose,No,Doubts it is reliable
12094,0.7477,Republican,65+,Some college,Rural,Arkansas,Somewhat oppose,Strongly oppose,Strongly oppose,No,Something else
12095,0.8525,Democrat,18-29,Some college,Suburban,Oklahoma,Strongly favor,Somewhat favor,Somewhat favor,No,Something else
12096,0.4203,Democrat,50-64,College graduate or more,Urban,Texas,Somewhat favor,Somewhat favor,99,Yes,No concerns
12097,1.3599,Republican,50-64,High school or less,Rural,Texas,Somewhat oppose,Somewhat oppose,Somewhat oppose,Yes,Something else
12098,1.6325,Republican,30-49,High school or less,Suburban,Kansas,Somewhat oppose,99,Somewhat oppose,No,Uses too much land
12099,1.247,Republican,18-29,College graduate or more,Suburban,Oklahoma,Strongly favor,Somewhat favor,Somewhat favor,No,No concerns
12100,2.4116,Republican,18-29,High school or less,Urban,Texas,Strongly favor,Strongly favor,Somewhat oppose,No,No concerns
12101,1.4331,Democrat,30-49,High school or less,Urban,Louisiana,Strongly favor,Strongly favor,Strongly favor,No,No concerns
12102,1.1417,Republican,30-49,College graduate or more,Rural,Texas,Somewhat oppose,Somewhat oppose,Somewhat oppose,No,Worried about property values
12103,0.2552,Democrat,65+,College graduate or more,Urban,Texas,Somewhat favor,Strongly oppose,Somewhat favor,No,Changes how the area looks
12104,1.2471,Democrat,18-29,College graduate or more,Rural,Texas,Somewhat favor,Somewhat favor,Somewhat favor,No,No concerns
12105,0.7865,Democrat,30-49,College graduate or more,Urban,Texas,Strongly favor,Somewhat favor,Somewhat favor,No,Worried about property values
12106,0.7267,Democrat,50-64,High school or less,Suburban,Texas,Strongly favor,Somewhat favor,Somewhat favor,No,Worried about property values
12107,0.7211,Democrat,30-49,Some college,Suburban,Texas,Somewhat favor,Somewhat oppose,Somewhat oppose,No,Worried about property values
12108,1.0222,Republican,30-49,Some college,Urban,Oklahoma,Strongly favor,Somewhat oppose,Somewhat oppose,No,Uses too much land
12109,0.7681,Republican,65+,Some college,Rural,Texas,Strongly favor,Somewhat oppose,Strongly oppose,No,Worried about property values
12110,0.9514,Republican,50-64,High school or less,Urban,Texas,Strongly oppose,Somewhat favor,Somewhat favor,No,No concerns
12111,1.289,Republican,18-29,College graduate or more,Rural,Kansas,Somewhat favor,Somewhat favor,Strongly oppose,No,No concerns
12112,1.3953,Democrat,18-29,Some college,Suburban,Arkansas,Strongly favor,Strongly favor,99,No,No concerns
12113,0.4844,Republican,50-64,College graduate or more,Suburban,Louisiana,Strongly oppose,Somewhat oppose,Somewhat oppose,No,Uses too much land
12114,0.4912,Republican,50-64,College graduate or more,Suburban,Arkansas,Somewhat favor,Somewhat oppose,Somewhat oppose,No,Doubts it is reliable
12115,1.8969,Republican,30-49,High school or less,Urban,Oklahoma,Somewhat favor,Somewhat oppose,Somewhat oppose,No,Changes how the area looks
12116,1.4037,Republican,30-49,High school or less,Urban,Texas,Strongly oppose,Strongly oppose,Somewhat oppose,No,Changes how the area looks
12117,0.5897,Independent,30-49,College graduate or more,Suburban,Kansas,Strongly favor,Strongly favor,Somewhat favor,No,Uses too much land
12118,1.3818,Democrat,18-29,High school or less,Urban,Texas,Somewhat favor,Somewhat favor,Strongly favor,No,No concerns
12119,0.7706,Republican,50-64,Some college,Suburban,Missouri,Somewhat favor,Somewhat oppose,Somewhat oppose,No,Something else
12120,0.9895,Republican,65+,High school or less,Urban,Texas,Strongly favor,Somewhat oppose,Strongly oppose,No,Doubts it is reliable
12121,1.2372,Republican,30-49,Some college,Suburban,Kansas,Strongly favor,Somewhat oppose,Strongly oppose,No,Changes how the area looks
12122,0.8439,Republican,65+,High school or less,Suburban,Oklahoma,Strongly favor,99,Strongly oppose,No,No concerns
12123,0.8987,Democrat,50-64,High school or less,Suburban,Kansas,Strongly favor,Strongly favor,Somewhat favor,Yes,No concerns
12124,1.1778,Independent,65+,High school or less,Rural,Missouri,Somewhat favor,Strongly oppose,Strongly oppose,Yes,Changes how the area looks
12125,0.4922,Democrat,65+,College graduate or more,Rural,Louisiana,Strongly favor,Strongly favor,Somewhat favor,No,Uses too much land
12126,0.8509,Independent,30-49,Some college,Suburban,Oklahoma,Somewhat favor,Somewhat favor,Strongly favor,No,No concerns
12127,0.4087,Democrat,50-64,College graduate or more,Suburban,Arkansas,Somewhat favor,Strongly favor,Strongly favor,No,No concerns
12128,1.3358,Democrat,30-49,High school or less,Urban,Louisiana,Somewhat favor,Somewhat favor,Somewhat favor,No,Uses too much land
12129,2.4181,Republican,18-29,High school or less,Urban,Texas,Strongly oppose,Somewhat oppose,Somewhat oppose,No,Worried about property values
12130,0.5212,Republican,50-64,College graduate or more,Urban,Louisiana,Strongly favor,Strongly favor,Strongly oppose,No,No concerns
12131,0.6536,Democrat,18-29,College graduate or more,Suburban,Texas,Somewhat favor,Somewhat favor,Somewhat favor,Yes,Something else
12132,0.4852,Democrat,30-49,Some college,Suburban,Arkansas,Somewhat favor,Somewhat favor,Somewhat favor,No,Changes how the area looks
12133,0.9157,Independent,50-64,Some college,Urban,Texas,Somewhat oppose,Strongly favor,Strongly favor,Yes,Uses too much land
12134,1.7023,Republican,18-29,Some college,Urban,Kansas,Somewhat favor,Somewhat oppose,Somewhat oppose,No,Uses too much land
12135,1.9258,Republican,30-49,High school or less,Urban,Kansas,Somewhat favor,Somewhat oppose,Strongly oppose,No,Worried about property values
12136,2.487,Independent,18-29,High school or less,Suburban,Oklahoma,Strongly favor,Strongly favor,Somewhat favor,Yes,Uses too much land
12137,2.0231,Democrat,18-29,High school or less,Urban,Oklahoma,Strongly favor,Somewhat favor,Strongly favor,No,No concerns
12138,0.5562,Democrat,30-49,College graduate or more,Urban,Oklahoma,Somewhat favor,Strongly favor,Somewhat favor,No,No concerns
12139,0.9509,Democrat,50-64,High school or less,Rural,Texas,Strongly favor,Somewhat favor,Strongly favor,Yes,Changes how the area looks
12140,0.7285,Republican,50-64,Some college,Suburban,Texas,Somewhat oppose,Strongly oppose,Strongly favor,No,Worried about property values
12141,0.6593,Republican,50-64,Some college,Suburban,Kansas,Somewhat favor,Somewhat oppose,Somewhat oppose,No,Doubts it is reliable
12142,0.5799,Democrat,30-49,College graduate or more,Urban,Louisiana,Strongly favor,Strongly favor,Strongly favor,No,No concerns
12143,1.6913,Independent,18-29,High school or less,Suburban,Missouri,Strongly favor,Somewhat favor,Strongly oppose,No,No concerns
12144,1.149,Independent,18-29,College graduate or more,Rural,Louisiana,Strongly favor,Somewhat oppose,Strongly favor,No,Changes how the area looks
12145,1.3275,Democrat,30-49,High school or less,Urban,Louisiana,Somewhat favor,Strongly favor,Strongly favor,No,No concerns
12146,0.6554,Independent,30-49,College graduate or more,Suburban,Louisiana,Strongly favor,Somewhat oppose,Strongly favor,No,Doubts it is reliable
12147,0.7599,Independent,30-49,College graduate or more,Rural,Texas,Somewhat favor,Strongly oppose,Somewhat oppose,No,Uses too much land
12148,1.0221,Independent,30-49,Some college,Suburban,Texas,Somewhat favor,Strongly favor,Strongly oppose,Yes,No concerns
12149,0.586,Democrat,30-49,College graduate or more,Suburban,Texas,Strongly favor,Somewhat favor,Strongly favor,No,Worried about property values
12150,0.5545,Democrat,65+,Some college,Suburban,Missouri,Strongly favor,Somewhat favor,Strongly favor,No,Something else
12151,0.5641,Republican,65+,Some college,Suburban,Arkansas,Somewhat favor,Somewhat favor,Somewhat oppose,No,Something else
12152,1.3904,Republican,30-49,Some college,Urban,Texas,Somewhat favor,Somewhat favor,Somewhat favor,No,Something else
12153,0.804,Democrat,50-64,High school or less,Urban,Texas,Strongly favor,Strongly oppose,Strongly favor,Yes,Changes how the area looks
12154,0.3011,Democrat,65+,College graduate or more,Suburban,Kansas,Strongly favor,Somewhat favor,Somewhat favor,No,Something else
12155,0.5221,Independent,50-64,Some college,Suburban,Oklahoma,Somewhat favor,Somewhat oppose,Somewhat oppose,No,Something else
12156,2.8661,Democrat,18-29,High school or less,Rural,Texas,Strongly favor,Somewhat oppose,Strongly favor,No,Uses too much land
12157,0.8686,Republican,50-64,High school or less,Urban,Kansas,Strongly favor,Somewhat favor,Strongly favor,No,Uses too much land
12158,1.1093,Republican,30-49,College graduate or more,Rural,Arkansas,Strongly favor,Somewhat oppose,Strongly oppose,No,Changes how the area looks
12159,0.9752,Independent,65+,High school or less,Suburban,Texas,Strongly oppose,Somewhat favor,Somewhat oppose,No,Uses too much land
12160,0.7221,Republican,65+,Some college,Suburban,Oklahoma,Strongly favor,Somewhat oppose,Somewhat oppose,No,Doubts it is reliable
12161,2.4042,Democrat,18-29,High school or less,Urban,Texas,Strongly favor,Somewhat favor,Strongly favor,Yes,No concerns
12162,0.8045,Republican,30-49,College graduate or more,Rural,Oklahoma,Somewhat favor,Somewhat oppose,Somewhat oppose,No,Uses too much land
12163,0.5088,Democrat,30-49,College graduate or more,Suburban,Texas,Strongly favor,Somewhat favor,Strongly oppose,No,Uses too much land
12164,0.8214,Democrat,50-64,High school or less,Urban,Missouri,Somewhat favor,Strongly favor,Somewhat favor,No,Uses too much land
12165,2.1584,Democrat,18-29,High school or less,Suburban,Oklahoma,Strongly favor,Somewhat favor,Somewhat favor,Yes,No concerns
12166,0.7757,Independent,30-49,College graduate or more,Suburban,Kansas,Somewhat oppose,Strongly favor,Somewhat oppose,No,Worried about property values
12167,0.5893,Independent,50-64,Some college,Urban,Texas,Strongly favor,Strongly oppose,Strongly favor,No,Worried about property values
12168,0.4274,Independent,50-64,College graduate or more,Suburban,Arkansas,Strongly oppose,Strongly favor,Strongly oppose,No,Changes how the area looks
12169,1.3518,Republican,65+,High school or less,Rural,Texas,Strongly oppose,Strongly oppose,Strongly oppose,No,Worried about property values
12170,1.1062,Republican,50-64,Some college,Rural,Texas,Somewhat favor,99,Strongly oppose,Yes,No concerns
12171,1.0608,Democrat,65+,High school or less,Rural,Arkansas,Somewhat favor,Somewhat favor,Strongly oppose,No,No concerns
12172,0.6815,Democrat,30-49,College graduate or more,Urban,Oklahoma,Somewhat oppose,Strongly favor,Somewhat favor,No,Changes how the area looks
12173,1.6066,Democrat,18-29,Some college,Rural,Texas,Somewhat favor,Somewhat favor,Somewhat oppose,Yes,No concerns
12174,1.1169,Independent,65+,High school or less,Suburban,Louisiana,Strongly favor,Strongly oppose,Somewhat favor,No,Uses too much land
12175,0.3668,Democrat,50-64,College graduate or more,Urban,Texas,Strongly favor,99,Strongly favor,No,Uses too much land
12176,0.9197,Republican,18-29,College graduate or more,Suburban,Missouri,Strongly favor,Somewhat favor,Strongly favor,No,Worried about property values
12177,1.6785,Republican,30-49,Some college,Urban,Texas,Somewhat favor,Strongly favor,Somewhat oppose,No,Changes how the area looks
12178,0.9522,Democrat,50-64,High school or less,Urban,Texas,Somewhat favor,Strongly favor,Somewhat favor,No,No concerns
12179,1.3165,Democrat,30-49,High school or less,Suburban,Texas,Strongly favor,Somewhat oppose,Strongly favor,No,Uses too much land
12180,0.6282,Republican,65+,College graduate or more,Rural,Kansas,Somewhat favor,Somewhat oppose,Strongly oppose,No,Changes how the area looks
12181,1.3828,Democrat,18-29,Some college,Suburban,Kansas,Strongly favor,Somewhat favor,Somewhat oppose,No,Uses too much land
12182,0.4073,Democrat,65+,College graduate or more,Urban,Oklahoma,Strongly favor,Somewhat favor,Somewhat favor,No,Changes how the area looks
12183,0.4045,Republican,65+,College graduate or more,Suburban,Missouri,Strongly favor,Somewhat oppose,Strongly favor,Yes,Uses too much land
12184,1.1293,Republican,30-49,High school or less,Suburban,Texas,Strongly oppose,Somewhat favor,Somewhat oppose,No,No concerns
12185,0.6154,Republican,65+,Some college,Urban,Arkansas,Somewhat favor,Somewhat favor,Strongly favor,No,Uses too much land
12186,0.7102,Democrat,30-49,College graduate or more,Suburban,Texas,Strongly favor,Somewhat favor,Somewhat favor,Yes,No concerns
12187,1.5356,Independent,30-49,High school or less,Suburban,Arkansas,Strongly favor,Somewhat favor,Somewhat oppose,No,Something else
12188,0.4783,Independent,50-64,College graduate or more,Suburban,Arkansas,Strongly favor,Strongly oppose,Strongly favor,No,Uses too much land
12189,1.2984,Democrat,50-64,High school or less,Suburban,Texas,Strongly favor,Strongly favor,Strongly favor,No,No concerns
12190,1.241,Democrat,30-49,High school or less,Suburban,Texas,Somewhat favor,Somewhat favor,Strongly favor,No,Changes how the area looks
12191,0.6849,Independent,30-49,College graduate or more,Urban,Texas,Somewhat favor,Strongly favor,Strongly favor,No,No concerns
12192,1.1082,Democrat,30-49,High school or less,Suburban,Oklahoma,Somewhat favor,Somewhat favor,Strongly oppose,No,No concerns
12193,0.8389,Republican,30-49,Some college,Urban,Texas,Somewhat favor,Strongly oppose,Somewhat oppose,No,Something else
12194,1.1093,Independent,50-64,High school or less,Suburban,Texas,Strongly favor,Somewhat favor,Strongly favor,No,Uses too much land
12195,0.4271,Republican,65+,Some college,Suburban,Louisiana,Somewhat favor,Somewhat oppose,Somewhat oppose,No,Doubts it is reliable
12196,2.1294,Independent,18-29,High school or less,Suburban,Texas,Somewhat favor,Somewhat oppose,Strongly favor,No,Worried about property values
12197,1.241,Republican,30-49,Some college,Urban,Oklahoma,Somewhat favor,Strongly oppose,Somewhat favor,Yes,Uses too much land
12198,1.0208,Republican,50-64,Some college,Rural,Oklahoma,Strongly favor,Somewhat oppose,Strongly favor,Yes,Changes how the area looks
12199,1.26,Democrat,30-49,Some college,Rural,Texas,Strongly favor,Somewhat favor,Somewhat favor,No,Worried about property values
12200,0.8975,Democrat,18-29,College graduate or more,Suburban,Texas,Strongly favor,Somewhat favor,Somewhat favor,No,No concerns
12201,1.0501,Republican,30-49,Some college,Urban,Texas,Strongly favor,Strongly favor,Strongly oppose,No,Worried about property values
12202,1.8455,Republican,18-29,High school or less,Suburban,Louisiana,Strongly favor,Somewhat oppose,Strongly favor,No,Uses too much land
12203,0.8603,Democrat,65+,Some college,Rural,Louisiana,Somewhat favor,Somewhat favor,Strongly oppose,No,No concerns
12204,1.7845,Democrat,18-29,High school or less,Rural,Oklahoma,Somewhat favor,Somewhat favor,Strongly oppose,Yes,Uses too much land
12205,1.0269,Democrat,30-49,High school or less,Urban,Texas,Strongly favor,Strongly favor,Somewhat favor,Yes,No concerns
12206,0.6839,Republican,30-49,College graduate or more,Suburban,Texas,Somewhat oppose,Strongly favor,Strongly oppose,No,No concerns
12207,0.7431,Independent,50-64,Some college,Suburban,Texas,Strongly favor,Strongly oppose,Strongly oppose,No,Doubts it is reliable
12208,0.8144,Republican,30-49,Some college,Suburban,Missouri,Strongly oppose,Somewhat oppose,Somewhat favor,No,Something else
12209,0.4003,Democrat,65+,College graduate or more,Urban,Texas,Strongly favor,Somewhat favor,Somewhat favor,No,Changes how the area looks
12210,1.0714,Independent,30-49,Some college,Suburban,Arkansas,Strongly favor,Strongly favor,Somewhat oppose,No,No concerns
12211,0.4133,Republican,50-64,College graduate or more,Suburban,Texas,Strongly oppose,Strongly oppose,Strongly oppose,No,Changes how the area looks
12212,1.2064,Republican,50-64,High school or less,Suburban,Texas,Somewhat favor,Somewhat favor,Strongly oppose,No,No concerns
12213,0.4876,Republican,50-64,College graduate or more,Urban,Oklahoma,Somewhat oppose,Strongly favor,Strongly oppose,No,Something else
12214,0.5852,Republican,50-64,College graduate or more,Rural,Arkansas,Somewhat favor,Somewhat oppose,Strongly oppose,Yes,Worried about property values
12215,1.978,Republican,18-29,Some college,Suburban,Texas,Somewhat oppose,Strongly oppose,Strongly favor,No,Changes how the area looks
12216,0.5471,Independent,30-49,College graduate or more,Suburban,Texas,Strongly favor,Strongly oppose,Somewhat oppose,No,Uses too much land
12217,0.7477,Democrat,50-64,High school or less,Suburban,Kansas,Somewhat favor,Somewhat favor,Strongly oppose,No,No concerns
12218,0.7604,Independent,30-49,Some college,Suburban,Texas,Strongly favor,Somewhat favor,Strongly oppose,No,Changes how the area looks
12219,1.0879,Republican,65+,High school or less,Rural,Texas,Somewhat oppose,Somewhat oppose,Somewhat oppose,No,Uses too much land
12220,1.0984,Democrat,30-49,High school or less,Suburban,Texas,Somewhat favor,Strongly oppose,Somewhat oppose,Yes,Uses too much land
12221,1.8774,Democrat,18-29,High school or less,Suburban,Kansas,Strongly favor,Somewhat favor,Somewhat favor,No,No concerns
12222,0.8053,Republican,30-49,College graduate or more,Urban,Texas,Strongly favor,Strongly favor,Somewhat oppose,No,No concerns
12223,1.8379,Independent,18-29,High school or less,Suburban,Louisiana,Strongly oppose,Strongly oppose,Strongly favor,No,Changes how the area looks
12224,1.3545,Republican,65+,High school or less,Suburban,Arkansas,Somewhat favor,Somewhat favor,Somewhat oppose,Yes,No concerns
12225,0.6738,Democrat,65+,High school or less,Rural,Arkansas,Strongly favor,Somewhat oppose,Strongly favor,No,Changes how the area looks
12226,1.0051,Republican,30-49,Some college,Urban,Arkansas,Somewhat oppose,Somewhat oppose,Somewhat favor,Yes,Something else
12227,1.3008,Democrat,18-29,High school or less,Urban,Texas,Somewhat favor,Somewhat favor,Somewhat favor,No,Uses too much land
12228,0.6881,Republican,65+,Some college,Rural,Missouri,Somewhat oppose,99,Strongly favor,No,No concerns
12229,1.8289,Republican,30-49,High school or less,Suburban,Texas,Strongly favor,Strongly oppose,Strongly oppose,Yes,Doubts it is reliable
12230,1.0774,Democrat,18-29,Some college,Suburban,Kansas,Strongly favor,Strongly favor,Strongly favor,No,No concerns
12231,1.2792,Republican,50-64,High school or less,Rural,Kansas,Somewhat favor,Strongly oppose,Somewhat oppose,No,Doubts it is reliable
12232,0.6678,Independent,50-64,Some college,Suburban,Louisiana,Strongly oppose,Somewhat oppose,Strongly oppose,No,Worried about property values
12233,0.2659,Democrat,50-64,College graduate or more,Suburban,Arkansas,Strongly favor,Somewhat favor,Somewhat favor,Yes,No concerns
12234,1.0504,Republican,50-64,Some college,Suburban,Arkansas,Somewhat oppose,Strongly favor,Somewhat favor,No,No concerns
12235,0.4011,Democrat,30-49,College graduate or more,Urban,Oklahoma,Somewhat favor,Strongly favor,Strongly oppose,No,Uses too much land
12236,2.8889,Independent,30-49,High school or less,Rural,Texas,Somewhat favor,Somewhat favor,Somewhat oppose,No,No concerns
12237,0.5255,Republican,65+,Some college,Suburban,Louisiana,Somewhat favor,Somewhat oppose,99,No,Doubts it is reliable
12238,1.1527,Democrat,30-49,High school or less,Suburban,Oklahoma,Strongly favor,Strongly favor,Somewhat favor,No,Uses too much land
12239,0.3518,Democrat,50-64,College graduate or more,Suburban,Texas,Strongly favor,Somewhat favor,Somewhat favor,No,Uses too much land
12240,0.8833,Republican,65+,High school or less,Suburban,Oklahoma,Somewhat favor,Strongly oppose,Somewhat favor,No,Doubts it is reliable
12241,0.7896,Republican,50-64,Some college,Rural,Oklahoma,Strongly oppose,Somewhat oppose,Somewhat oppose,No,Changes how the area looks
12242,0.9398,Democrat,30-49,Some college,Urban,Texas,Somewhat favor,Somewhat favor,Somewhat oppose,No,Uses too much land
12243,1.0856,Republican,30-49,Some college,Urban,Texas,Somewhat favor,Somewhat favor,Somewhat oppose,Yes,Uses too much land
12244,1.5458,Democrat,18-29,Some college,Rural,Missouri,Somewhat favor,Somewhat favor,Somewhat favor,No,Uses too much land
12245,0.4635,Independent,65+,Some college,Suburban,Texas,Strongly favor,Strongly oppose,Strongly oppose,No,Changes how the area looks
12246,1.3974,Independent,30-49,High school or less,Suburban,Texas,Strongly oppose,Somewhat favor,Somewhat oppose,No,No concerns
12247,0.6406,Republican,50-64,Some college,Urban,Kansas,Strongly favor,Somewhat favor,Somewhat favor,No,Changes how the area looks
12248,0.588,Democrat,50-64,Some college,Rural,Texas,Somewhat favor,Strongly favor,Somewhat oppose,No,No concerns
12249,1.2343,Republican,30-49,Some college,Rural,Oklahoma,Strongly favor,Somewhat oppose,Strongly oppose,No,Something else
12250,0.548,Independent,30-49,College graduate or more,Suburban,Missouri,Strongly favor,Somewhat favor,Somewhat favor,No,No concerns
12251,0.6039,Democrat,65+,Some college,Urban,Louisiana,Somewhat favor,Somewhat favor,Somewhat favor,No,Changes how the area looks
12252,0.4964,Democrat,65+,Some college,Suburban,Oklahoma,Somewhat favor,Somewhat favor,Somewhat favor,Yes,No concerns
12253,1.374,Republican,30-49,Some college,Suburban,Texas,Strongly favor,Somewhat favor,Somewhat oppose,Yes,Something else
12254,0.8996,Republican,30-49,Some college,Suburban,Texas,Somewhat favor,Somewhat oppose,Somewhat favor,No,Changes how the area looks
12255,0.8819,Independent,50-64,Some college,Urban,Texas,Somewhat favor,Strongly oppose,Strongly favor,No,Doubts it is reliable
12256,1.708,Republican,30-49,Some college,Rural,Missouri,Somewhat oppose,Somewhat oppose,Somewhat oppose,Yes,Changes how the area looks
12257,1.0791,Democrat,30-49,High school or less,Rural,Louisiana,Strongly favor,Strongly favor,Somewhat favor,No,Uses too much land
12258,1.591,Republican,18-29,College graduate or more,Urban,Missouri,Somewhat oppose,Strongly favor,Somewhat oppose,No,No concerns
12259,1.0575,Republican,18-29,College graduate or more,Suburban,Texas,Strongly favor,Somewhat favor,Strongly oppose,Yes,Uses too much land
12260,0.5452,Democrat,30-49,College graduate or more,Urban,Kansas,Somewhat favor,Strongly favor,Somewhat favor,Yes,Worried about property values
12261,1.1734,Independent,50-64,High school or less,Rural,Texas,Strongly favor,Somewhat oppose,Somewhat oppose,No,Changes how the area looks
12262,0.6352,Democrat,65+,High school or less,Urban,Texas,Somewhat favor,Strongly favor,Somewhat favor,No,No concerns
12263,0.4382,Independent,30-49,College graduate or more,Suburban,Oklahoma,Strongly favor,Somewhat favor,Strongly favor,No,Changes how the area looks
12264,0.9845,Republican,18-29,Some college,Suburban,Texas,Strongly favor,Somewhat favor,Somewhat favor,No,No concerns
12265,2.161,Independent,18-29,High school or less,Suburban,Kansas,Somewhat favor,Strongly favor,Strongly favor,Yes,Uses too much land
12266,0.7056,Democrat,50-64,High school or less,Urban,Kansas,Somewhat favor,Somewhat favor,Strongly favor,No,No concerns
12267,0.769,Democrat,30-49,Some college,Suburban,Missouri,Strongly favor,Somewhat favor,Strongly favor,No,No concerns
12268,0.7477,Democrat,30-49,Some college,Suburban,Texas,Strongly oppose,Somewhat favor,Strongly favor,No,Worried about property values
12269,0.861,Independent,30-49,Some college,Suburban,Arkansas,Strongly oppose,Somewhat oppose,Strongly favor,No,Uses too much land
12270,1.0187,Republican,30-49,High school or less,Suburban,Oklahoma,Strongly oppose,Strongly favor,Strongly oppose,No,No concerns
12271,0.2592,Democrat,65+,College graduate or more,Urban,Texas,Strongly favor,Somewhat favor,Somewhat favor,Yes,Changes how the area looks
12272,1.2729,Democrat,30-49,High school or less,Suburban,Texas,Strongly favor,Somewhat favor,Somewhat favor,No,No concerns
12273,1.3993,Independent,30-49,High school or less,Suburban,Louisiana,Strongly oppose,Strongly oppose,Somewhat oppose,No,Worried about property values
12274,1.1228,Independent,65+,High school or less,Rural,Missouri,Somewhat oppose,Somewhat favor,Somewhat oppose,No,No concerns
12275,1.0947,Independent,30-49,Some college,Suburban,Texas,Strongly oppose,Strongly favor,Strongly oppose,No,Uses too much land
12276,0.4859,Democrat,30-49,College graduate or more,Suburban,Oklahoma,Somewhat favor,Somewhat favor,Somewhat favor,No,Changes how the area looks
12277,1.2834,Republican,30-49,Some college,Rural,Arkansas,Somewhat favor,Somewhat oppose,Strongly oppose,No,Uses too much land
12278,0.7903,Independent,50-64,High school or less,Urban,Texas,Strongly favor,Strongly favor,Somewhat favor,No,No concerns
12279,0.4146,Democrat,65+,College graduate or more,Suburban,Arkansas,Strongly favor,Strongly favor,Strongly favor,No,No concerns
12280,0.4344,Democrat,50-64,College graduate or more,Suburban,Texas,Strongly favor,Somewhat favor,Somewhat favor,No,Worried about property values
12281,0.7762,Democrat,50-64,High school or less,Suburban,Kansas,Somewhat favor,Somewhat favor,Somewhat favor,No,Uses too much land
12282,0.9109,Independent,50-64,High school or less,Rural,Arkansas,Somewhat favor,Strongly oppose,Strongly oppose,Yes,Worried about property values
12283,0.4239,Independent,65+,Some college,Urban,Texas,Strongly oppose,Strongly oppose,Somewhat favor,No,Doubts it is reliable
12284,0.3767,Democrat,65+,Some college,Urban,Texas,Strongly favor,Strongly favor,Somewhat favor,No,No concerns
12285,1.1364,Republican,65+,High school or less,Urban,Oklahoma,Somewhat favor,Somewhat oppose,Somewhat oppose,No,Changes how the area looks
12286,0.7372,Democrat,18-29,College graduate or more,Suburban,Texas,Strongly favor,Somewhat favor,Strongly favor,No,No concerns
12287,2.1543,Republican,30-49,High school or less,Rural,Louisiana,Somewhat oppose,Strongly oppose,Somewhat oppose,No,Worried about property values
12288,0.9482,Independent,18-29,College graduate or more,Urban,Arkansas,Somewhat favor,Strongly favor,Somewhat favor,No,Uses too much land
12289,0.4303,Democrat,65+,Some college,Suburban,Missouri,Strongly favor,Somewhat favor,Strongly favor,No,Something else
12290,0.7377,Democrat,18-29,College graduate or more,Suburban,Oklahoma,Strongly favor,Strongly favor,Somewhat favor,Yes,No concerns
12291,2.5655,Independent,18-29,High school or less,Urban,Kansas,Strongly favor,Strongly favor,Strongly favor,No,No concerns
12292,0.9397,Independent,30-49,Some college,Suburban,Texas,Somewhat oppose,Somewhat oppose,99,Yes,Changes how the area looks
12293,1.5569,Independent,30-49,High school or less,Rural,Arkansas,Somewhat oppose,Strongly oppose,Somewhat oppose,No,Worried about property values
12294,0.7923,Independent,30-49,College graduate or more,Suburban,Missouri,Strongly favor,Strongly favor,Somewhat favor,No,No concerns
12295,0.6489,Democrat,65+,High school or less,Suburban,Oklahoma,Strongly favor,Strongly oppose,Somewhat favor,No,Doubts it is reliable
12296,0.7721,Independent,30-49,College graduate or more,Urban,Oklahoma,Somewhat favor,Strongly favor,Strongly favor,No,No concerns
12297,0.3546,Republican,65+,College graduate or more,Suburban,Texas,Somewhat favor,Somewhat favor,Somewhat oppose,No,No concerns
12298,0.4416,Republican,50-64,College graduate or more,Rural,Oklahoma,Somewhat favor,Somewhat oppose,Somewhat oppose,No,Uses too much land
12299,1.6671,Independent,18-29,Some college,Rural,Texas,Strongly oppose,Somewhat favor,Somewhat oppose,No,Something else
12300,0.6946,Democrat,50-64,High school or less,Suburban,Texas,Somewhat favor,Strongly favor,Somewhat favor,Yes,No concerns
12301,0.6598,Democrat,50-64,Some college,Suburban,Louisiana,Strongly favor,Somewhat favor,Somewhat favor,No,No concerns
12302,0.7061,Democrat,30-49,College graduate or more,Rural,Texas,Strongly favor,Strongly favor,Strongly favor,No,No concerns
12303,0.584,Democrat,50-64,Some college,Suburban,Louisiana,Strongly favor,Strongly favor,Somewhat favor,No,Worried about property values
12304,1.7628,Republican,30-49,High school or less,Suburban,Texas,Somewhat oppose,Somewhat oppose,Somewhat oppose,No,Doubts it is reliable
12305,0.9495,Independent,30-49,Some college,Suburban,Texas,Somewhat favor,Somewhat oppose,Somewhat oppose,Yes,Uses too much land
12306,0.9413,Independent,30-49,Some college,Suburban,Texas,Strongly favor,Somewhat oppose,Somewhat favor,Yes,Doubts it is reliable
12307,0.9342,Independent,30-49,Some college,Suburban,Texas,Strongly favor,99,Strongly oppose,No,Worried about property values
12308,0.6377,Democrat,30-49,College graduate or more,Rural,Kansas,Strongly favor,Somewhat favor,Somewhat favor,No,No concerns
12309,0.5917,Democrat,50-64,Some college,Urban,Texas,Somewhat favor,Strongly favor,Strongly favor,No,Something else
12310,1.5899,Republican,18-29,Some college,Suburban,Arkansas,Strongly favor,Strongly favor,Somewhat oppose,No,Something else
12311,0.5963,Republican,50-64,College graduate or more,Rural,Arkansas,Strongly favor,Strongly oppose,Strongly oppose,No,Worried about property values
12312,0.599,Republican,50-64,College graduate or more,Suburban,Texas,Somewhat favor,Somewhat oppose,Somewhat oppose,No,Doubts it is reliable
12313,2.0737,Republican,30-49,High school or less,Rural,Louisiana,Strongly favor,Somewhat oppose,Somewhat oppose,No,Uses too much land
12314,1.1762,Democrat,18-29,College graduate or more,Suburban,Oklahoma,Somewhat favor,Somewhat favor,Strongly favor,No,No concerns
12315,0.5633,Democrat,50-64,Some college,Suburban,Kansas,Somewhat oppose,Somewhat favor,Somewhat favor,No,No concerns
12316,0.6645,Independent,50-64,Some college,Suburban,Texas,Somewhat favor,Strongly favor,Strongly favor,No,No concerns
12317,1.5873,Democrat,30-49,High school or less,Rural,Oklahoma,Somewhat favor,Somewhat favor,Somewhat favor,No,No concerns
12318,1.4578,Republican,30-49,Some college,Rural,Arkansas,Strongly favor,Strongly favor,Somewhat favor,Yes,No concerns
12319,0.5771,Independent,65+,Some college,Urban,Texas,Somewhat oppose,Strongly favor,Strongly oppose,No,Uses too much land
12320,1.0401,Republican,50-64,High school or less,Suburban,Texas,Strongly oppose,Strongly favor,99,No,No concerns
12321,0.4672,Democrat,50-64,College graduate or more,Suburban,Missouri,Somewhat favor,Somewhat favor,Somewhat favor,No,No concerns
12322,0.7433,Republican,18-29,College graduate or more,Urban,Texas,Somewhat favor,Somewhat favor,Strongly oppose,No,No concerns
12323,0.7606,Republican,50-64,Some college,Rural,Louisiana,Strongly favor,Somewhat oppose,Somewhat oppose,No,Worried about property values
12324,0.5852,Independent,30-49,College graduate or more,Suburban,Texas,Strongly favor,Somewhat favor,Strongly favor,No,Changes how the area looks
12325,0.7342,Independent,50-64,Some college,Urban,Oklahoma,Somewhat oppose,Somewhat favor,Somewhat oppose,No,No concerns
12326,1.1885,Republican,18-29,College graduate or more,Urban,Texas,Strongly favor,Strongly oppose,Somewhat favor,No,Uses too much land
12327,0.5074,Democrat,50-64,Some college,Suburban,Texas,Strongly favor,Strongly favor,Strongly favor,No,No concerns
12328,0.7386,Republican,65+,High school or less,Suburban,Texas,Strongly favor,Somewhat oppose,Strongly favor,No,Doubts it is reliable
12329,0.8612,Independent,30-49,Some college,Suburban,Oklahoma,Somewhat favor,Somewhat favor,Strongly favor,No,Uses too much land
12330,1.6022,Democrat,18-29,High school or less,Urban,Arkansas,Somewhat favor,Somewhat favor,Somewhat favor,Yes,Worried about property values
12331,0.4204,Independent,50-64,College graduate or more,Suburban,Texas,Strongly favor,Somewhat favor,Somewhat favor,Yes,No concerns
12332,0.4084,Republican,65+,College graduate or more,Suburban,Texas,Strongly favor,Strongly oppose,Strongly favor,No,Uses too much land
12333,1.2523,Republican,18-29,College graduate or more,Rural,Texas,Somewhat favor,Somewhat oppose,Somewhat oppose,No,Worried about property values
12334,0.8446,Independent,65+,Some college,Rural,Arkansas,Strongly oppose,Somewhat oppose,Somewhat oppose,No,Changes how the area looks
12335,0.8991,Democrat,65+,High school or less,Urban,Missouri,Somewhat favor,Strongly oppose,Strongly favor,No,Doubts it is reliable
12336,0.6332,Democrat,30-49,College graduate or more,Suburban,Texas,Strongly favor,Somewhat favor,Somewhat favor,Yes,No concerns
12337,0.9461,Independent,50-64,High school or less,Urban,Arkansas,Strongly favor,Somewhat favor,Strongly favor,No,Uses too much land
12338,0.6052,Democrat,30-49,College graduate or more,Rural,Louisiana,Somewhat favor,Somewhat favor,Somewhat favor,No,Worried about property values
12339,0.7355,Democrat,50-64,Some college,Rural,Texas,Strongly favor,Strongly favor,Somewhat favor,No,No concerns
12340,0.331,Republican,50-64,College graduate or more,Suburban,Louisiana,Strongly favor,Somewhat oppose,Somewhat oppose,Yes,Doubts it is reliable
12341,0.9116,Independent,30-49,College graduate or more,Rural,Texas,Somewhat favor,Somewhat favor,Somewhat oppose,Yes,No concerns
12342,0.5019,Democrat,30-49,College graduate or more,Suburban,Kansas,Strongly favor,Strongly oppose,Somewhat favor,No,Changes how the area looks
12343,0.6195,Independent,65+,Some college,Suburban,Texas,Somewhat favor,Strongly oppose,Strongly favor,No,Uses too much land
12344,1.498,Democrat,30-49,High school or less,Rural,Louisiana,Somewhat favor,Somewhat favor,Strongly favor,No,Changes how the area looks
12345,0.823,Republican,65+,High school or less,Urban,Oklahoma,Somewhat favor,Somewhat oppose,Strongly favor,Yes,Uses too much land
12346,1.3893,Republican,30-49,High school or less,Urban,Louisiana,Strongly oppose,Somewhat oppose,Somewhat oppose,No,Uses too much land
12347,0.7611,Independent,50-64,Some college,Rural,Louisiana,Somewhat favor,Strongly oppose,Somewhat favor,No,Worried about property values
12348,1.2223,Democrat,18-29,Some college,Suburban,Missouri,Strongly favor,Strongly favor,Somewhat favor,No,Changes how the area looks
12349,1.535,Independent,30-49,High school or less,Rural,Oklahoma,Somewhat oppose,Strongly favor,Strongly oppose,Yes,Something else
12350,0.9282,Republican,30-49,College graduate or more,Rural,Oklahoma,Strongly favor,Somewhat oppose,Somewhat oppose,No,Doubts it is reliable
12351,0.52,Democrat,30-49,College graduate or more,Suburban,Texas,Somewhat favor,Somewhat oppose,Somewhat favor,No,Uses too much land
12352,1.0674,Republican,65+,High school or less,Suburban,Arkansas,Somewhat oppose,Somewhat oppose,Strongly favor,No,Worried about property values
12353,0.5037,Democrat,65+,Some college,Suburban,Texas,Strongly favor,Somewhat favor,99,No,Changes how the area looks
12354,1.2694,Independent,30-49,High school or less,Suburban,Texas,Strongly favor,Somewhat favor,Somewhat oppose,Yes,Worried about property values
12355,0.8513,Democrat,50-64,High school or less,Suburban,Louisiana,Strongly favor,Strongly oppose,Strongly oppose,No,Uses too much land
12356,0.4871,Democrat,50-64,College graduate or more,Suburban,Kansas,Strongly favor,Strongly favor,Somewhat favor,Yes,Uses too much land
12357,0.4608,Independent,65+,College graduate or more,Suburban,Texas,Strongly favor,Strongly oppose,Strongly oppose,No,Uses too much land
12358,1.2438,Democrat,18-29,Some college,Urban,Kansas,Somewhat favor,Somewhat oppose,Somewhat oppose,No,Uses too much land
12359,0.9227,Republican,30-49,College graduate or more,Rural,Missouri,Somewhat favor,Strongly oppose,Strongly oppose,No,Something else
12360,1.2009,Republican,30-49,Some college,Rural,Arkansas,Strongly favor,Strongly oppose,Somewhat oppose,No,Worried about property values
12361,0.998,Republican,30-49,Some college,Rural,Texas,Strongly favor,Somewhat oppose,Somewhat favor,Yes,Uses too much land
12362,0.4453,Independent,65+,College graduate or more,Suburban,Louisiana,Somewhat favor,Somewhat favor,Somewhat oppose,No,No concerns
12363,0.9488,Independent,50-64,High school or less,Suburban,Texas,Somewhat favor,Somewhat oppose,Somewhat favor,No,Worried about property values
12364,1.0197,Democrat,30-49,Some college,Rural,Arkansas,Somewhat favor,Somewhat favor,Somewhat favor,No,Changes how the area looks
12365,1.1563,Independent,30-49,Some college,Suburban,Louisiana,Somewhat favor,Strongly favor,Somewhat oppose,No,No concerns
12366,0.7573,Democrat,30-49,Some college,Urban,Texas,Somewhat favor,Somewhat favor,Somewhat favor,No,No concerns
12367,0.5199,Democrat,30-49,College graduate or more,Suburban,Oklahoma,Strongly favor,Strongly favor,Strongly favor,No,No concerns
12368,0.4044,Democrat,65+,Some college,Suburban,Oklahoma,Strongly favor,Somewhat oppose,Somewhat favor,Yes,Changes how the area looks
12369,1.0565,Independent,30-49,Some college,Suburban,Texas,Somewhat favor,Somewhat favor,Strongly favor,No,No concerns
12370,0.3732,Democrat,65+,College graduate or more,Rural,Kansas,Somewhat favor,Strongly favor,Somewhat oppose,Yes,Worried about property values
12371,0.3881,Republican,65+,College graduate or more,Suburban,Missouri,Somewhat favor,Strongly favor,Somewhat oppose,No,No concerns
12372,1.8727,Democrat,30-49,High school or less,Suburban,Texas,Strongly favor,Somewhat favor,Somewhat favor,No,Something else
12373,0.2948,Democrat,65+,College graduate or more,Suburban,Arkansas,Somewhat favor,Somewhat favor,Somewhat oppose,No,No concerns
12374,1.2219,Republican,65+,High school or less,Rural,Texas,Strongly favor,Strongly oppose,Somewhat oppose,No,Uses too much land
12375,0.9212,Republican,30-49,Some college,Suburban,Arkansas,Somewhat oppose,Strongly favor,Somewhat oppose,No,Worried about property values
12376,0.7635,Republican,65+,High school or less,Urban,Louisiana,Strongly oppose,Somewhat oppose,Somewhat favor,No,Changes how the area looks
12377,1.7577,Independent,18-29,High school or less,Suburban,Texas,Somewhat favor,Strongly favor,Somewhat favor,Yes,Something else
12378,0.8926,Democrat,65+,High school or less,Suburban,Texas,Strongly favor,Somewhat favor,Strongly favor,No,Uses too much land
12379,0.5051,Republican,30-49,College graduate or more,Suburban,Kansas,Strongly favor,Strongly oppose,Somewhat favor,No,Uses too much land
12380,2.2538,Republican,18-29,High school or less,Suburban,Louisiana,Somewhat oppose,Somewhat favor,Somewhat oppose,No,No concerns
12381,2.4955,Republican,18-29,High school or less,Urban,Oklahoma,Strongly favor,Somewhat favor,Strongly favor,No,No concerns
12382,0.6071,Democrat,65+,High school or less,Suburban,Texas,Strongly favor,Strongly favor,Somewhat favor,No,No concerns
12383,0.4074,Independent,65+,College graduate or more,Urban,Texas,Somewhat favor,Somewhat favor,Somewhat favor,No,No concerns
12384,0.4469,Democrat,65+,Some college,Rural,Oklahoma,Strongly favor,Somewhat favor,Somewhat favor,No,Changes how the area looks
12385,1.4566,Independent,18-29,Some college,Urban,Missouri,Strongly favor,Somewhat favor,Strongly favor,No,No concerns
12386,0.7887,Republican,50-64,Some college,Urban,Texas,Strongly oppose,Somewhat oppose,Strongly favor,No,Uses too much land
12387,0.3787,Democrat,30-49,College graduate or more,Suburban,Texas,Somewhat favor,Somewhat favor,Somewhat favor,No,No concerns
12388,0.6035,Republican,50-64,College graduate or more,Rural,Missouri,Strongly favor,Strongly oppose,Strongly oppose,No,Changes how the area looks
12389,0.5231,Independent,50-64,College graduate or more,Rural,Texas,Strongly favor,Strongly oppose,Somewhat favor,No,Uses too much land
12390,1.1162,Republican,50-64,High school or less,Suburban,Texas,Somewhat oppose,Somewhat favor,Somewhat favor,Yes,No concerns
12391,0.7321,Democrat,50-64,High school or less,Suburban,Kansas,Somewhat favor,Somewhat favor,Somewhat favor,Yes,No concerns
12392,1.0884,Democrat,30-49,High school or less,Urban,Oklahoma,Strongly favor,Somewhat favor,Strongly oppose,Yes,Uses too much land
12393,0.662,Independent,30-49,College graduate or more,Suburban,Texas,Strongly favor,Somewhat favor,Strongly favor,No,No concerns
12394,1.1732,Republican,50-64,High school or less,Urban,Louisiana,Strongly favor,Somewhat oppose,Strongly favor,No,Uses too much land
12395,1.1745,Democrat,30-49,High school or less,Suburban,Texas,Strongly favor,Somewhat favor,Somewhat favor,No,No concerns
12396,0.9325,Democrat,50-64,Some college,Suburban,Oklahoma,Strongly favor,Somewhat favor,Strongly favor,No,No concerns
12397,1.2054,Independent,18-29,College graduate or more,Suburban,Texas,Somewhat favor,Somewhat favor,Somewhat favor,No,Something else
12398,0.3714,Democrat,65+,College graduate or more,Suburban,Louisiana,Strongly favor,Somewhat favor,Strongly favor,No,No concerns
12399,1.7785,Democrat,18-29,High school or less,Urban,Missouri,Somewhat favor,Somewhat favor,Somewhat oppose,Yes,No concerns
